date,RUB=X,GC=F,CNY=X,CL=F,ES=F
2022-03-02,108.47949981689453,1920.9000244140625,6.311500072479248,110.5999984741211,4381.75
2022-03-03,102.71499633789062,1934.4000244140625,6.3196001052856445,107.66999816894531,4359.25
2022-03-04,109.46499633789062,1965.0999755859375,6.319200038909912,115.68000030517578,4327.25
2022-03-07,108.84510040283203,1993.9000244140625,6.316699981689453,119.4000015258789,4198.5
2022-03-08,138.96510314941406,2040.0999755859375,6.319300174713135,123.69999694824219,4168.75
2022-03-09,129.96499633789062,1985.9000244140625,6.317599773406982,108.69999694824219,4275.25
2022-03-10,138.71499633789062,1998.0999755859375,6.3165998458862305,106.0199966430664,4257.25
2022-03-11,133.46499633789062,1982.699951171875,6.320799827575684,109.33000183105469,4201.5
2022-03-14,132.0886993408203,1959.5999755859375,6.338699817657471,103.01000213623047,4172.0
2022-03-15,119.96499633789062,1928.5,6.364500045776367,96.44000244140625,4262.0
2022-03-16,108.27749633789062,1908.0,6.369100093841553,95.04000091552734,4358.0
2022-03-17,100.96510314941406,1942.0999755859375,6.351200103759766,102.9800033569336,4410.25
2022-03-18,103.08999633789062,1928.199951171875,6.3454999923706055,104.69999694824219,4409.35009765625
2022-03-21,132.0886993408203,1928.5999755859375,6.360199928283691,112.12000274658203,4452.25
2022-03-22,106.61499786376953,1920.699951171875,6.354499816894531,111.76000213623047,4505.0
2022-03-23,105.96499633789062,1936.5999755859375,6.365300178527832,114.93000030517578,4447.5
2022-03-24,96.71499633789062,1961.5999755859375,6.371300220489502,112.33999633789062,4512.5
2022-03-25,102.21499633789062,1953.800048828125,6.366300106048584,113.9000015258789,4536.5
2022-03-27,100.83999633789062,,6.365200042724609,,
2022-03-28,97.96510314941406,1939.5999755859375,6.370699882507324,105.95999908447266,4568.0
2022-03-29,87.46499633789062,1912.0,6.363100051879883,104.23999786376953,4625.5
2022-03-30,83.46499633789062,1933.5,6.346199989318848,107.81999969482422,4596.0
2022-03-31,81.71499633789062,1949.199951171875,6.338900089263916,100.27999877929688,4530.75
2022-04-01,,1919.0999755859375,,99.2699966430664,4539.25
2022-04-03,84.21499633789062,,6.362100124359131,,
2022-04-04,83.71499633789062,1929.199951171875,6.362400054931641,103.27999877929688,4577.75
2022-04-05,83.96499633789062,1922.9000244140625,6.363100051879883,101.95999908447266,4520.25
2022-04-06,82.08999633789062,1918.4000244140625,6.358500003814697,96.2300033569336,4475.75
2022-04-07,79.21499633789062,1933.800048828125,6.3597002029418945,96.02999877929688,4496.25
2022-04-08,,1941.5999755859375,,98.26000213623047,4483.5
2022-04-10,85.08999633789062,,6.363999843597412,,
2022-04-11,83.46499633789062,1944.300048828125,6.36870002746582,94.29000091552734,4409.0
2022-04-12,85.33999633789062,1972.0999755859375,6.364999771118164,100.5999984741211,4393.0
2022-04-13,82.38999938964844,1981.0,6.367199897766113,104.25,4442.25
2022-04-14,82.58999633789062,1970.9000244140625,6.377399921417236,106.94999694824219,4387.5
2022-04-17,80.71499633789062,,6.370200157165527,,
2022-04-18,81.08999633789062,1982.9000244140625,6.366199970245361,108.20999908447266,4386.75
2022-04-19,80.96499633789062,1955.699951171875,6.392399787902832,102.55999755859375,4459.25
2022-04-20,82.73999786376953,1952.300048828125,6.417699813842773,102.75,4455.5
2022-04-21,80.83999633789062,1944.9000244140625,6.4492998123168945,103.79000091552734,4390.5
2022-04-22,,1931.0,,102.06999969482422,4267.25
2022-04-24,77.33999633789062,,6.50029993057251,,
2022-04-25,75.73999786376953,1893.199951171875,6.5578999519348145,98.54000091552734,4292.75
2022-04-26,74.21499633789062,1901.4000244140625,6.556300163269043,101.69999694824219,4170.5
2022-04-27,73.83999633789062,1885.9000244140625,6.559500217437744,102.0199966430664,4180.25
2022-04-28,72.71499633789062,1888.699951171875,6.62529993057251,105.36000061035156,4283.5
2022-04-29,,1909.300048828125,,104.69000244140625,4127.5
2022-05-01,73.31500244140625,,6.607500076293945,,
2022-05-02,70.56500244140625,1861.800048828125,6.607500076293945,105.16999816894531,4151.0
2022-05-03,67.21489715576172,1868.800048828125,6.607399940490723,102.41000366210938,4169.25
2022-05-04,66.96499633789062,1867.0,6.607500076293945,107.80999755859375,4295.25
2022-05-05,64.79000091552734,1874.0,6.654600143432617,108.26000213623047,4143.25
2022-05-06,,1881.199951171875,,109.7699966430664,4119.5
2022-05-08,68.96499633789062,,6.665599822998047,,
2022-05-09,69.83999633789062,1857.0999755859375,6.729800224304199,103.08999633789062,3987.5
2022-05-10,69.83999633789062,1839.9000244140625,6.73360013961792,99.76000213623047,3996.75
2022-05-11,66.71499633789062,1852.5999755859375,6.720699787139893,105.70999908447266,3930.25
2022-05-12,65.08999633789062,1823.800048828125,6.785900115966797,106.12999725341797,3927.25
2022-05-13,,1807.4000244140625,,110.48999786376953,4019.75
2022-05-15,66.46499633789062,,6.788000106811523,,
2022-05-16,64.58999633789062,1813.5,6.785099983215332,114.19999694824219,4004.75
2022-05-17,64.96499633789062,1818.199951171875,6.736199855804443,112.4000015258789,4084.75
2022-05-18,64.21499633789062,1815.9000244140625,6.753399848937988,109.58999633789062,3922.75
2022-05-19,62.09000015258789,1841.199951171875,6.712100028991699,112.20999908447266,3897.75
2022-05-20,,1841.800048828125,,113.2300033569336,3899.5
2022-05-22,62.46500015258789,,6.691999912261963,,
2022-05-23,58.540000915527344,1847.800048828125,6.649799823760986,110.29000091552734,3971.75
2022-05-24,57.089900970458984,1865.0999755859375,6.6529998779296875,109.7699966430664,3940.5
2022-05-25,60.315101623535156,1846.199951171875,6.691699981689453,110.33000183105469,3976.75
2022-05-26,64.21499633789062,1847.4000244140625,6.737800121307373,114.08999633789062,4055.75
2022-05-27,,1851.300048828125,,115.06999969482422,4155.75
2022-05-29,66.46499633789062,,6.6975998878479,,
2022-05-30,64.58989715576172,,6.660299777984619,,
2022-05-31,62.71500015258789,1842.699951171875,6.6717000007629395,114.66999816894531,4131.25
2022-06-01,63.46500015258789,1843.300048828125,6.685200214385986,115.26000213623047,4099.0
2022-06-02,63.46500015258789,1866.5,6.659200191497803,116.87000274658203,4175.25
2022-06-03,,1845.4000244140625,,118.87000274658203,4107.0
2022-06-05,63.21500015258789,,6.659299850463867,,
2022-06-06,61.34000015258789,1839.199951171875,6.652900218963623,118.5,4120.5
2022-06-07,62.464900970458984,1847.5,6.6697001457214355,119.41000366210938,4158.75
2022-06-08,59.9650993347168,1851.9000244140625,6.682700157165527,122.11000061035156,4114.0
2022-06-09,57.96500015258789,1848.800048828125,6.690800189971924,121.51000213623047,4016.25
2022-06-10,,1871.5,,120.66999816894531,3899.0
2022-06-12,110.67410278320312,,6.707900047302246,,
2022-06-13,57.71500015258789,1828.0,6.753499984741211,120.93000030517578,3750.5
2022-06-14,58.34000015258789,1809.5,6.739500045776367,118.93000030517578,3736.75
2022-06-15,57.21500015258789,1815.300048828125,6.712299823760986,115.30999755859375,3789.25
2022-06-16,57.339900970458984,1845.699951171875,6.703400135040283,117.58999633789062,3668.25
2022-06-17,,1835.5999755859375,,109.55999755859375,3663.760009765625
2022-06-19,56.71500015258789,,6.715700149536133,,
2022-06-20,54.71500015258789,,6.691400051116943,,
2022-06-21,53.84000015258789,1834.5999755859375,6.688399791717529,110.6500015258789,3767.75
2022-06-22,54.96500015258789,1834.300048828125,6.701099872589111,106.19000244140625,3762.75
2022-06-23,54.46500015258789,1825.699951171875,6.697299957275391,104.2699966430664,3799.75
2022-06-24,,1826.5,,107.62000274658203,3916.25
2022-06-26,53.3650016784668,,6.688799858093262,,
2022-06-27,53.09000015258789,1820.9000244140625,6.690700054168701,109.56999969482422,3903.75
2022-06-28,53.714900970458984,1817.5,6.707300186157227,111.76000213623047,3825.5
2022-06-29,52.4650993347168,1813.699951171875,6.69980001449585,109.77999877929688,3821.25
2022-06-30,54.84000015258789,1804.0999755859375,6.698200225830078,105.76000213623047,3789.5
2022-07-01,,1798.9000244140625,,108.43000030517578,3827.25
2022-07-03,53.23749923706055,,6.700500011444092,,
2022-07-04,54.5,,6.698599815368652,,
2022-07-05,63.4650993347168,1761.800048828125,6.718800067901611,99.5,3834.0
2022-07-06,63.51499938964844,1734.9000244140625,6.706500053405762,98.52999877929688,3848.25
2022-07-07,63.040000915527344,1737.9000244140625,6.700500011444092,102.7300033569336,3905.0
2022-07-08,,1740.5999755859375,,104.79000091552734,3901.25
2022-07-10,64.86499786376953,,6.694300174713135,,
2022-07-11,60.91999816894531,1730.0,6.717199802398682,104.08999633789062,3856.75
2022-07-12,58.38999938964844,1723.300048828125,6.723299980163574,95.83999633789062,3823.75
2022-07-13,58.439998626708984,1734.199951171875,6.717599868774414,96.30000305175781,3804.5
2022-07-14,58.2400016784668,1704.5,6.755199909210205,95.77999877929688,3793.25
2022-07-15,,1702.4000244140625,,97.58999633789062,3865.0
2022-07-17,110.67410278320312,,6.756499767303467,,
2022-07-18,57.71500015258789,1709.199951171875,6.742300033569336,102.5999984741211,3833.75
2022-07-19,56.46500015258789,1710.0,6.74370002746582,104.22000122070312,3937.5
2022-07-20,54.9650993347168,1699.5,6.754899978637695,102.26000213623047,3962.5
2022-07-21,57.96500015258789,1712.699951171875,6.765600204467773,96.3499984741211,4001.25
2022-07-22,,1727.0999755859375,,94.69999694824219,3965.0
2022-07-24,58.09000015258789,,6.750500202178955,,
2022-07-25,58.46500015258789,1719.0,6.749499797821045,96.69999694824219,3970.0
2022-07-26,60.09000015258789,1717.699951171875,6.76230001449585,94.9800033569336,3923.25
2022-07-27,59.34000015258789,1719.0999755859375,6.757400035858154,97.26000213623047,4024.5
2022-07-28,62.46500015258789,1750.300048828125,6.745800018310547,96.41999816894531,4073.5
2022-07-29,,1762.9000244140625,,98.62000274658203,4133.5
2022-07-31,62.21500015258789,,6.743199825286865,,
2022-08-01,60.16999816894531,1769.0,6.7677001953125,93.88999938964844,4120.5
2022-08-02,60.790000915527344,1771.0999755859375,6.751800060272217,94.41999816894531,4093.75
2022-08-03,62.68510055541992,1758.0,6.756999969482422,90.66000366210938,4156.25
2022-08-04,61.46500015258789,1788.5,6.747799873352051,88.54000091552734,4152.25
2022-08-05,,1772.9000244140625,,89.01000213623047,4146.75
2022-08-07,60.4900016784668,,6.760900020599365,,
2022-08-08,61.84000015258789,1786.800048828125,6.749899864196777,90.76000213623047,4141.75
2022-08-09,60.439998626708984,1794.0,6.751699924468994,90.5,4124.5
2022-08-10,61.46500015258789,1795.5999755859375,6.722799777984619,91.93000030517578,4210.0
2022-08-11,60.59000015258789,1789.699951171875,6.743599891662598,94.33999633789062,4209.75
2022-08-12,,1798.5999755859375,,92.08999633789062,4281.0
2022-08-14,62.21500015258789,,6.741799831390381,,
2022-08-15,60.5,1781.4000244140625,6.771999835968018,89.41000366210938,4298.25
2022-08-16,61.46500015258789,1773.199951171875,6.787399768829346,86.52999877929688,4307.75
2022-08-17,60.46500015258789,1760.300048828125,6.779900074005127,88.11000061035156,4276.75
2022-08-18,59.96500015258789,1755.300048828125,6.784599781036377,90.5,4286.5
2022-08-19,,1747.5999755859375,,90.7699966430664,4231.5
2022-08-21,59.46500015258789,,6.815700054168701,,
2022-08-22,60.09000015258789,1734.0,6.847899913787842,90.2300033569336,4141.25
2022-08-23,60.21500015258789,1746.800048828125,6.833600044250488,93.73999786376953,4130.5
2022-08-24,59.790000915527344,1747.800048828125,6.858500003814697,94.88999938964844,4142.75
2022-08-25,60.34000015258789,1757.699951171875,6.848299980163574,92.5199966430664,4201.0
2022-08-26,,1736.0999755859375,,93.05999755859375,4059.5
2022-08-28,60.26499938964844,,6.870800018310547,,
2022-08-29,61.71500015258789,1736.5999755859375,6.9070000648498535,97.01000213623047,4031.25
2022-08-30,59.96500015258789,1723.199951171875,6.910799980163574,91.63999938964844,3987.5
2022-08-31,60.09000015258789,1712.800048828125,6.888899803161621,89.55000305175781,3956.5
2022-09-01,60.17499923706055,1696.5999755859375,6.9054999351501465,86.61000061035156,3968.75
2022-09-02,,1709.800048828125,,86.87000274658203,3924.5
2022-09-04,60.17499923706055,,6.89900016784668,,
2022-09-05,60.974998474121094,,6.93310022354126,,
2022-09-06,61.2400016784668,1700.4000244140625,6.953100204467773,86.87999725341797,3910.5
2022-09-07,64.26490020751953,1715.300048828125,6.9653000831604,81.94000244140625,3980.0
2022-09-08,61.46500015258789,1708.0,6.956500053405762,83.54000091552734,4005.5
2022-09-09,,1716.199951171875,,86.79000091552734,4067.25
2022-09-11,62.185001373291016,,6.92549991607666,,
2022-09-12,59.625,1728.0999755859375,6.925000190734863,87.77999877929688,4110.75
2022-09-13,58.5,1705.0,6.924099922180176,87.30999755859375,3931.25
2022-09-14,59.689998626708984,1696.5,6.960999965667725,88.4800033569336,3947.5
2022-09-15,59.59000015258789,1665.4000244140625,6.993000030517578,85.0999984741211,3902.0
2022-09-16,,1671.699951171875,,85.11000061035156,3871.239990234375
2022-09-18,59.5,,6.979000091552734,,
2022-09-19,60.040000915527344,1666.199951171875,7.0055999755859375,85.7300033569336,3917.25
2022-09-20,60.400001525878906,1659.699951171875,7.017199993133545,84.44999694824219,3872.75
2022-09-21,61.564998626708984,1664.5999755859375,7.047900199890137,82.94000244140625,3806.25
2022-09-22,61.46500015258789,1670.800048828125,7.076600074768066,83.48999786376953,3772.0
2022-09-23,,1645.300048828125,,78.73999786376953,3709.0
2022-09-25,57.21500015258789,,7.127399921417236,,
2022-09-26,58.46500015258789,1623.300048828125,7.1479997634887695,76.70999908447266,3670.0
2022-09-27,58.8650016784668,1626.699951171875,7.176799774169922,78.5,3661.0
2022-09-28,58.41510009765625,1660.4000244140625,7.198999881744385,82.1500015258789,3732.0
2022-09-29,57.46500015258789,1658.5,7.123899936676025,81.2300033569336,3654.25
2022-09-30,,1662.4000244140625,,79.48999786376953,3601.5
2022-10-02,60.21500015258789,,7.114999771118164,,
2022-10-03,57.9900016784668,1692.9000244140625,7.1149001121521,83.62999725341797,3690.25
2022-10-04,58.9900016784668,1721.0999755859375,7.114999771118164,86.5199966430664,3803.25
2022-10-05,61.28990173339844,1711.4000244140625,7.114999771118164,87.76000213623047,3794.0
2022-10-06,60.4900016784668,1711.699951171875,7.114999771118164,88.44999694824219,3756.75
2022-10-07,,1700.5,,92.63999938964844,3653.25
2022-10-09,64.33499908447266,,7.114999771118164,,
2022-10-10,61.96500015258789,1667.300048828125,7.153600215911865,91.12999725341797,3625.25
2022-10-11,64.125,1678.699951171875,7.164400100708008,89.3499984741211,3599.25
2022-10-12,63.689998626708984,1670.300048828125,7.174099922180176,87.2699966430664,3588.5
2022-10-13,63.964900970458984,1670.0,7.16949987411499,89.11000061035156,3681.75
2022-10-14,,1641.699951171875,,85.61000061035156,3597.5
2022-10-16,62.6150016784668,,7.190000057220459,,
2022-10-17,62.01499938964844,1657.0,7.195499897003174,85.45999908447266,3689.25
2022-10-18,62.26499938964844,1649.0,7.2006001472473145,82.81999969482422,3732.75
2022-10-19,60.96500015258789,1627.5,7.22730016708374,85.55000305175781,3707.25
2022-10-20,61.6150016784668,1630.800048828125,7.215799808502197,85.9800033569336,3675.25
2022-10-21,,1651.0,,85.05000305175781,3764.0
2022-10-23,61.6150016784668,,7.242800235748291,,
2022-10-24,61.21500015258789,1648.699951171875,7.261899948120117,84.58000183105469,3809.25
2022-10-25,62.21500015258789,1652.800048828125,7.303800106048584,85.31999969482422,3870.25
2022-10-26,61.2400016784668,1664.0,7.171899795532227,87.91000366210938,3841.0
2022-10-27,61.290000915527344,1660.699951171875,7.22790002822876,89.08000183105469,3819.5
2022-10-28,,1639.5999755859375,,87.9000015258789,3911.25
2022-10-31,61.4900016784668,1635.9000244140625,7.251399993896484,86.52999877929688,3883.0
2022-11-01,62.01499938964844,1645.0,7.301799774169922,88.37000274658203,3866.0
2022-11-02,61.714900970458984,1645.699951171875,7.276599884033203,90.0,3768.75
2022-11-03,61.665000915527344,1627.300048828125,7.288700103759766,88.16999816894531,3727.75
2022-11-04,62.314998626708984,1672.5,7.30079984664917,92.61000061035156,3779.5
2022-11-07,61.96500015258789,1676.5,7.175099849700928,91.79000091552734,3815.25
2022-11-08,63.165000915527344,1712.0999755859375,7.228799819946289,88.91000366210938,3835.25
2022-11-09,60.939998626708984,1710.0999755859375,7.248199939727783,85.83000183105469,3755.5
2022-11-10,61.6150016784668,1750.300048828125,7.240799903869629,86.47000122070312,3961.0
2022-11-11,60.71500015258789,1766.0,7.1859002113342285,88.95999908447266,4000.25
2022-11-14,60.51499938964844,1773.5999755859375,7.107100009918213,85.87000274658203,3966.0
2022-11-15,59.53499984741211,1773.800048828125,7.07289981842041,86.91999816894531,3999.5
2022-11-16,61.3651008605957,1773.0,7.043000221252441,85.58999633789062,3968.5
2022-11-17,60.7400016784668,1760.800048828125,7.087200164794922,81.63999938964844,3955.25
2022-11-18,60.3650016784668,1751.9000244140625,7.156199932098389,80.08000183105469,3974.0
2022-11-21,60.814998626708984,1737.4000244140625,7.118899822235107,79.7300033569336,3958.0
2022-11-22,60.625,1738.300048828125,7.1641998291015625,80.94999694824219,4010.25
2022-11-23,60.630001068115234,1744.9000244140625,7.1392998695373535,77.94000244140625,4033.0
2022-11-24,60.76499938964844,,7.165800094604492,,
2022-11-25,60.33000183105469,1753.300048828125,7.150300025939941,76.27999877929688,4032.5
2022-11-28,60.46500015258789,1740.0999755859375,7.170499801635742,77.23999786376953,3970.25
2022-11-29,61.814998626708984,1748.4000244140625,7.207099914550781,78.19999694824219,3962.0
2022-11-30,60.810001373291016,1746.0,7.15939998626709,80.55000305175781,4081.25
2022-12-01,60.9900016784668,1801.0999755859375,7.076200008392334,81.22000122070312,4081.75
2022-12-02,61.18000030517578,1795.9000244140625,7.043700218200684,79.9800033569336,4075.5
2022-12-05,60.51499938964844,1767.4000244140625,7.023900032043457,76.93000030517578,4003.25
2022-12-06,60.51499938964844,1769.300048828125,6.960899829864502,74.25,3945.0
2022-12-07,60.51499938964844,1785.5,6.994900226593018,72.01000213623047,3936.75
2022-12-08,63.464900970458984,1788.699951171875,6.972599983215332,71.45999908447266,3965.75
2022-12-09,63.3650016784668,1798.0999755859375,6.966300010681152,71.0199966430664,3936.25
2022-12-12,62.47999954223633,1780.5,6.956600189208984,73.16999816894531,3991.75
2022-12-13,62.625,1813.9000244140625,6.976500034332275,75.38999938964844,4022.25
2022-12-14,63.18000030517578,1807.5,6.943399906158447,77.27999877929688,3998.0
2022-12-15,64.71499633789062,1777.199951171875,6.949900150299072,76.11000061035156,3897.0
2022-12-16,64.61499786376953,1790.0,6.9721999168396,74.29000091552734,3871.469970703125
2022-12-19,64.83999633789062,1787.699951171875,6.972099781036377,75.19000244140625,3845.5
2022-12-20,69.71499633789062,1815.9000244140625,6.978600025177002,76.08999633789062,3849.25
2022-12-21,69.25,1815.9000244140625,6.9608001708984375,78.29000091552734,3905.75
2022-12-22,73.21499633789062,1787.0,6.980599880218506,77.48999786376953,3849.25
2022-12-23,68.21499633789062,1795.9000244140625,6.982999801635742,79.55999755859375,3869.75
2022-12-26,70.21499633789062,,6.988699913024902,,
2022-12-27,68.33000183105469,1814.800048828125,6.96120023727417,79.52999877929688,3855.0
2022-12-28,69.96499633789062,1807.9000244140625,6.959000110626221,78.95999908447266,3807.5
2022-12-29,72.71499633789062,1819.5,6.97760009765625,78.4000015258789,3871.75
2022-12-30,73.96499633789062,1819.699951171875,6.963099956512451,80.26000213623047,3861.0
2023-01-02,73.71499633789062,,6.896900177001953,,
2023-01-03,70.99549865722656,1839.699951171875,6.89709997177124,76.93000030517578,3846.0
2023-01-04,73.01499938964844,1852.800048828125,6.914100170135498,72.83999633789062,3874.5
2023-01-05,72.46499633789062,1834.800048828125,6.887800216674805,73.66999816894531,3829.0
2023-01-06,72.11499786376953,1864.199951171875,6.881499767303467,73.7699966430664,3915.5
2023-01-09,72.46499633789062,1872.699951171875,6.837399959564209,74.62999725341797,3913.75
2023-01-10,69.87999725341797,1871.5999755859375,6.770999908447266,75.12000274658203,3940.75
2023-01-11,69.63999938964844,1874.5999755859375,6.777400016784668,77.41000366210938,3990.0
2023-01-12,69.11900329589844,1895.5,6.769000053405762,78.38999938964844,4003.5
2023-01-13,67.75,1918.4000244140625,6.737800121307373,79.86000061035156,4018.25
2023-01-16,65.96499633789062,,6.7017998695373535,,
2023-01-17,68.71499633789062,1907.199951171875,6.732500076293945,80.18000030517578,4009.5
2023-01-18,68.46499633789062,1904.4000244140625,6.77239990234375,79.4800033569336,3945.75
2023-01-19,68.71499633789062,1922.0999755859375,6.747099876403809,80.33000183105469,3915.5
2023-01-20,69.36499786376953,1926.4000244140625,6.7758002281188965,81.30999755859375,3988.5
2023-01-23,68.21499633789062,1927.0999755859375,6.782599925994873,81.62000274658203,4036.5
2023-01-24,68.94499969482422,1933.9000244140625,6.7829999923706055,80.12999725341797,4032.75
2023-01-25,69.41500091552734,1941.199951171875,6.7835001945495605,80.1500015258789,4032.0
2023-01-26,69.19499969482422,1929.0999755859375,6.782899856567383,81.01000213623047,4075.5
2023-01-27,69.46499633789062,1928.5999755859375,6.78249979019165,79.68000030517578,4084.25
2023-01-30,70.69249725341797,1922.9000244140625,6.782400131225586,77.9000015258789,4032.5
2023-01-31,69.87999725341797,1929.5,6.747799873352051,78.87000274658203,4090.0
2023-02-01,70.55000305175781,1927.800048828125,6.753600120544434,76.41000366210938,4132.25
2023-02-02,69.9000015258789,1916.300048828125,6.740799903869629,75.87999725341797,4191.5
2023-02-03,75.03099822998047,1862.9000244140625,6.731500148773193,73.38999938964844,4147.75
2023-02-06,70.61499786376953,1866.199951171875,6.774199962615967,74.11000061035156,4123.5
2023-02-07,71.4749984741211,1871.699951171875,6.794000148773193,77.13999938964844,4175.75
2023-02-08,72.0999984741211,1877.4000244140625,6.791200160980225,78.47000122070312,4130.5
2023-02-09,73.22100067138672,1866.199951171875,6.7881999015808105,78.05999755859375,4091.75
2023-02-10,73.00499725341797,1862.800048828125,6.779699802398682,79.72000122070312,4099.75
2023-02-13,73.07499694824219,1851.9000244140625,6.808300018310547,80.13999938964844,4147.25
2023-02-14,74.06400299072266,1854.0,6.821899890899658,79.05999755859375,4145.5
2023-02-15,73.56500244140625,1834.199951171875,6.825900077819824,78.58999633789062,4158.25
2023-02-16,73.96499633789062,1842.0,6.851900100708008,78.48999786376953,4099.75
2023-02-17,74.68000030517578,1840.4000244140625,6.8597002029418945,76.33999633789062,4087.5
2023-02-20,73.96499633789062,,6.857600212097168,,
2023-02-21,75.46399688720703,1833.0,6.854100227355957,76.16000366210938,4005.75
2023-02-22,74.61499786376953,1832.0,6.872499942779541,73.94999694824219,3999.0
2023-02-23,74.86499786376953,1818.0,6.891300201416016,75.38999938964844,4018.75
2023-02-24,75.36499786376953,1808.800048828125,6.9070000648498535,76.31999969482422,3975.75
2023-02-27,75.9800033569336,1817.0,6.954999923706055,75.68000030517578,3988.0
2023-02-28,74.61499786376953,1828.9000244140625,6.943900108337402,77.05000305175781,3975.5
2023-03-01,75.01499938964844,1837.699951171875,6.932300090789795,77.69000244140625,3956.5
2023-03-02,75.2300033569336,1833.5,6.868000030517578,78.16000366210938,3984.75
2023-03-03,75.48999786376953,1847.699951171875,6.91379976272583,79.68000030517578,4049.75
2023-03-06,75.36499786376953,1847.9000244140625,6.906799793243408,80.45999908447266,4052.5
2023-03-07,75.36499786376953,1813.9000244140625,6.9293999671936035,77.58000183105469,3989.75
2023-03-08,75.56500244140625,1812.699951171875,6.961400032043457,76.66000366210938,3995.0
2023-03-09,76.01499938964844,1829.300048828125,6.950300216674805,75.72000122070312,3920.0
2023-03-10,75.81500244140625,1862.0,6.963600158691406,76.68000030517578,3862.75
2023-03-13,76.16500091552734,1911.699951171875,6.905200004577637,74.80000305175781,3856.75
2023-03-14,75.51499938964844,1906.199951171875,6.844600200653076,71.33000183105469,3920.5
2023-03-15,75.71499633789062,1926.5999755859375,6.870500087738037,67.61000061035156,3892.75
2023-03-16,5.0,1919.0,6.905900001525879,68.3499984741211,3960.5
2023-03-17,76.46499633789062,1969.800048828125,6.897500038146973,66.73999786376953,3957.050048828125
2023-03-20,76.92500305175781,1979.199951171875,6.886099815368652,67.63999938964844,3983.0
2023-03-21,77.46499633789062,1938.0,6.877699851989746,69.33000183105469,4035.75
2023-03-22,77.21499633789062,1946.800048828125,6.882999897003174,70.9000015258789,3970.5
2023-03-23,76.88999938964844,1993.800048828125,6.879199981689453,69.95999908447266,3978.0
2023-03-24,75.96499633789062,1982.0999755859375,6.818399906158447,69.26000213623047,4001.25
2023-03-26,77.24500274658203,,6.867000102996826,,
2023-03-27,76.5,1952.4000244140625,6.884399890899658,72.80999755859375,4007.25
2023-03-28,76.5250015258789,1972.4000244140625,6.873300075531006,73.19999694824219,4001.5
2023-03-29,77.29000091552734,1966.0999755859375,6.8856000900268555,72.97000122070312,4057.5
2023-03-30,77.23999786376953,1980.300048828125,6.8703999519348145,74.37000274658203,4080.0
2023-03-31,,1969.0,,75.66999816894531,4137.75
2023-04-02,77.96499633789062,,6.868000030517578,,
2023-04-03,78.61499786376953,1983.9000244140625,6.877299785614014,80.41999816894531,4153.75
2023-04-04,79.26499938964844,2022.199951171875,6.878799915313721,80.70999908447266,4129.0
2023-04-05,80.16500091552734,2020.9000244140625,6.878499984741211,80.61000061035156,4117.25
2023-04-06,81.16500091552734,2011.9000244140625,6.874899864196777,80.69999694824219,4132.0
2023-04-09,81.06500244140625,,6.86929988861084,,
2023-04-10,81.625,1989.0999755859375,6.881100177764893,79.73999786376953,4136.25
2023-04-11,81.06500244140625,2004.800048828125,6.885499954223633,81.52999877929688,4136.5
2023-04-12,82.01499938964844,2010.9000244140625,6.873700141906738,83.26000213623047,4119.0
2023-04-13,81.66500091552734,2041.300048828125,6.867800235748291,82.16000366210938,4172.75
2023-04-14,,2002.199951171875,,82.5199966430664,4163.75
2023-04-16,81.51499938964844,,6.8703999519348145,,
2023-04-17,82.01499938964844,1994.199951171875,6.878799915313721,80.83000183105469,4176.75
2023-04-18,81.76499938964844,2007.4000244140625,6.874899864196777,80.86000061035156,4180.0
2023-04-19,81.66500091552734,1995.199951171875,6.8850998878479,79.16000366210938,4178.5
2023-04-20,81.76499938964844,2007.5999755859375,6.872099876403809,77.29000091552734,4152.5
2023-04-21,,1979.5,,77.87000274658203,4156.75
2023-04-23,81.41500091552734,,6.892499923706055,,
2023-04-24,81.45999908447266,1989.0999755859375,6.894899845123291,78.76000213623047,4159.5
2023-04-25,80.81600189208984,1994.0,6.931600093841553,77.06999969482422,4093.25
2023-04-26,81.76499938964844,1985.699951171875,6.92579984664917,74.30000305175781,4076.0
2023-04-27,81.81500244140625,1989.9000244140625,6.922299861907959,74.76000213623047,4153.75
2023-04-28,,1990.0999755859375,,76.77999877929688,4188.5
2023-04-30,80.41500091552734,,6.911099910736084,,
2023-05-01,80.66500091552734,1983.4000244140625,6.910999774932861,75.66000366210938,4185.75
2023-05-02,80.07499694824219,2014.300048828125,6.910600185394287,71.66000366210938,4136.75
2023-05-03,79.46499633789062,2028.5999755859375,6.910600185394287,68.5999984741211,4107.5
2023-05-04,78.46499633789062,2048.0,6.905700206756592,68.55999755859375,4075.75
2023-05-05,,2017.4000244140625,,71.33999633789062,4150.25
2023-05-07,77.7750015258789,,6.9095001220703125,,
2023-05-08,77.69000244140625,2026.300048828125,6.911499977111816,73.16000366210938,4152.75
2023-05-09,77.96499633789062,2036.199951171875,6.919400215148926,73.70999908447266,4134.0
2023-05-10,77.69000244140625,2030.5,6.932199954986572,72.55999755859375,4152.0
2023-05-11,76.96499633789062,2014.699951171875,6.947700023651123,70.87000274658203,4143.75
2023-05-12,,2014.5,,70.04000091552734,4138.0
2023-05-14,77.32499694824219,,6.957300186157227,,
2023-05-15,79.71499633789062,2018.0,6.951600074768066,71.11000061035156,4150.0
2023-05-16,80.45500183105469,1988.4000244140625,6.976600170135498,70.86000061035156,4123.0
2023-05-17,79.71499633789062,1980.699951171875,6.997099876403809,72.83000183105469,4171.5
2023-05-18,80.36499786376953,1956.5,7.035099983215332,71.86000061035156,4212.0
2023-05-19,,1978.699951171875,,71.55000305175781,4204.75
2023-05-21,80.06500244140625,,7.006899833679199,,
2023-05-22,80.46499633789062,1974.800048828125,7.030900001525879,71.98999786376953,4205.0
2023-05-23,80.125,1972.4000244140625,7.056399822235107,72.91000366210938,4158.75
2023-05-24,80.06500244140625,1962.800048828125,7.059800148010254,74.33999633789062,4126.0
2023-05-25,79.98999786376953,1943.0999755859375,7.077400207519531,71.83000183105469,4159.75
2023-05-26,,1944.0999755859375,,72.66999816894531,4213.25
2023-05-28,78.96499633789062,,7.054800033569336,,
2023-05-29,80.21499633789062,,7.072299957275391,,
2023-05-30,79.61000061035156,1958.0,7.078999996185303,69.45999908447266,4215.0
2023-05-31,81.51499938964844,1963.9000244140625,7.110799789428711,68.08999633789062,4190.5
2023-06-01,80.96499633789062,1978.0,7.0929999351501465,70.0999984741211,4228.0
2023-06-02,,1952.4000244140625,,71.73999786376953,4288.0
2023-06-04,80.76499938964844,,7.083799839019775,,
2023-06-05,80.56500244140625,1958.0,7.105000019073486,72.1500015258789,4281.0
2023-06-06,81.31500244140625,1965.5,7.118800163269043,71.73999786376953,4289.75
2023-06-07,81.51499938964844,1942.699951171875,7.128799915313721,72.52999877929688,4274.25
2023-06-08,81.9749984741211,1963.5999755859375,7.111199855804443,71.29000091552734,4298.25
2023-06-09,,1962.199951171875,,70.16999816894531,4304.75
2023-06-11,82.69000244140625,,7.127600193023682,,
2023-06-12,83.84500122070312,1955.300048828125,7.144599914550781,67.12000274658203,4342.75
2023-06-13,83.91500091552734,1944.5999755859375,7.166500091552734,69.41999816894531,4371.75
2023-06-14,83.96499633789062,1955.300048828125,7.162600040435791,68.2699966430664,4374.25
2023-06-15,83.44499969482422,1957.800048828125,7.119900226593018,70.62000274658203,4426.5
2023-06-16,,1958.4000244140625,,71.77999877929688,4453.35009765625
2023-06-18,83.46499633789062,,7.1255998611450195,,
2023-06-19,83.81500244140625,,7.160399913787842,,
2023-06-20,84.71399688720703,1935.5,7.180799961090088,70.5,4434.75
2023-06-21,83.61499786376953,1933.300048828125,7.178400039672852,72.52999877929688,4409.25
2023-06-22,80.94999694824219,1912.699951171875,7.178500175476074,69.51000213623047,4423.75
2023-06-23,,1919.0999755859375,,69.16000366210938,4389.0
2023-06-25,83.61499786376953,,7.178500175476074,,
2023-06-26,84.375,1923.699951171875,7.236499786376953,69.37000274658203,4370.25
2023-06-27,85.33999633789062,1914.0,7.218699932098389,67.69999694824219,4418.75
2023-06-28,85.8550033569336,1912.300048828125,7.2434000968933105,69.55999755859375,4417.5
2023-06-29,86.82499694824219,1909.199951171875,7.251800060272217,69.86000061035156,4435.75
2023-06-30,,1921.0999755859375,,70.63999938964844,4488.25
2023-07-02,87.91500091552734,,7.242400169372559,,
2023-07-03,89.47000122070312,1921.699951171875,7.239799976348877,69.79000091552734,4492.25
2023-07-04,89.96499633789062,,7.213500022888184,,
2023-07-05,91.21499633789062,1919.5999755859375,7.246399879455566,71.79000091552734,4483.75
2023-07-06,91.21499633789062,1908.699951171875,7.249199867248535,71.80000305175781,4447.0
2023-07-07,,1926.199951171875,,73.86000061035156,4434.0
2023-07-09,91.2249984741211,,7.211299896240234,,
2023-07-10,90.51499938964844,1925.0,7.230599880218506,72.98999786376953,4444.25
2023-07-11,90.46499633789062,1931.300048828125,7.209199905395508,74.83000183105469,4473.5
2023-07-12,90.46499633789062,1956.199951171875,7.165299892425537,75.75,4507.5
2023-07-13,90.09500122070312,1959.199951171875,7.150000095367432,76.88999938964844,4543.5
2023-07-14,,1960.0999755859375,,75.41999816894531,4536.75
2023-07-16,90.21499633789062,,7.1402997970581055,,
2023-07-17,90.56999969482422,1952.4000244140625,7.170599937438965,74.1500015258789,4553.75
2023-07-18,90.96499633789062,1977.199951171875,7.179299831390381,75.75,4587.75
2023-07-19,91.91500091552734,1977.5,7.225900173187256,75.3499984741211,4597.0
2023-07-20,90.06500244140625,1968.300048828125,7.176499843597412,75.62999725341797,4565.5
2023-07-21,,1964.300048828125,,77.06999969482422,4564.75
2023-07-23,90.46499633789062,,7.1778998374938965,,
2023-07-24,90.41500091552734,1960.300048828125,7.185299873352051,78.73999786376953,4583.5
2023-07-25,90.16500091552734,1962.0999755859375,7.13539981842041,79.62999725341797,4596.0
2023-07-26,89.96499633789062,1968.9000244140625,7.150000095367432,78.77999877929688,4595.25
2023-07-27,90.66500091552734,1945.4000244140625,7.173099994659424,80.08999633789062,4564.25
2023-07-28,,1960.4000244140625,,80.58000183105469,4606.5
2023-07-30,92.0250015258789,,7.102799892425537,,
2023-07-31,91.61499786376953,1970.5,7.095699787139893,81.80000305175781,4614.5
2023-08-01,92.375,1940.699951171875,7.176499843597412,81.37000274658203,4601.25
2023-08-02,94.01499938964844,1937.4000244140625,7.190400123596191,79.48999786376953,4537.25
2023-08-03,94.96499633789062,1932.0,7.162799835205078,81.55000305175781,4521.75
2023-08-04,,1939.5999755859375,,82.81999969482422,4498.0
2023-08-06,95.83999633789062,,7.131199836730957,,
2023-08-07,95.71499633789062,1933.5,7.192299842834473,81.94000244140625,4537.75
2023-08-08,97.16999816894531,1924.0999755859375,7.215700149536133,82.91999816894531,4518.5
2023-08-09,96.83999633789062,1915.4000244140625,7.208600044250488,84.4000015258789,4485.75
2023-08-10,96.98999786376953,1914.4000244140625,7.214700222015381,82.81999969482422,4485.75
2023-08-11,,1912.9000244140625,,83.19000244140625,4480.75
2023-08-13,99.95999908447266,,7.192299842834473,,
2023-08-14,96.96499633789062,1910.5999755859375,7.257299900054932,82.51000213623047,4506.0
2023-08-15,98.46499633789062,1902.5,7.281499862670898,80.98999786376953,4454.0
2023-08-16,94.46399688720703,1896.0999755859375,7.296999931335449,79.37999725341797,4420.0
2023-08-17,94.46499633789062,1884.0999755859375,7.280399799346924,80.38999938964844,4384.5
2023-08-18,,1886.0999755859375,,81.25,4382.75
2023-08-20,95.16500091552734,,7.280700206756592,,
2023-08-21,93.46499633789062,1893.300048828125,7.197999954223633,80.72000122070312,4412.5
2023-08-22,94.46499633789062,1896.4000244140625,7.292399883270264,80.3499984741211,4399.25
2023-08-23,94.96600341796875,1918.5,7.170499801635742,78.88999938964844,4447.0
2023-08-24,94.46499633789062,1918.199951171875,7.276500225067139,79.05000305175781,4386.0
2023-08-25,,1911.0999755859375,,79.83000183105469,4414.25
2023-08-27,95.46499633789062,,7.289000034332275,,
2023-08-28,94.46499633789062,1917.9000244140625,7.289100170135498,80.0999984741211,4442.25
2023-08-29,95.38999938964844,1936.5,7.279399871826172,81.16000366210938,4506.75
2023-08-30,96.26499938964844,1944.300048828125,7.283599853515625,81.62999725341797,4524.25
2023-08-31,95.83999633789062,1938.199951171875,7.256899833679199,83.62999725341797,4516.0
2023-09-01,,1939.800048828125,,85.55000305175781,4521.5
2023-09-03,96.37000274658203,,7.140100002288818,,
2023-09-04,96.21499633789062,,7.271900177001953,,
2023-09-05,96.73500061035156,1926.199951171875,7.303400039672852,86.69000244140625,4502.5
2023-09-06,97.76499938964844,1918.0999755859375,7.315899848937988,87.54000091552734,4471.5
2023-09-07,98.46499633789062,1917.5,7.3277997970581055,86.87000274658203,4456.25
2023-09-08,,1918.4000244140625,,87.51000213623047,4461.75
2023-09-10,97.71499633789062,,7.232399940490723,,
2023-09-11,95.01499938964844,1923.300048828125,7.288000106811523,87.29000091552734,4490.25
2023-09-12,94.86900329589844,1911.300048828125,7.290900230407715,88.83999633789062,4465.0
2023-09-13,95.96499633789062,1909.0999755859375,7.268799781799316,88.5199966430664,4468.75
2023-09-14,95.46499633789062,1910.0,7.275899887084961,90.16000366210938,4506.0
2023-09-15,,1923.699951171875,,90.7699966430664,4491.72021484375
2023-09-17,96.76499938964844,,7.273900032043457,,
2023-09-18,95.91500091552734,1931.5,7.290599822998047,91.4800033569336,4501.5
2023-09-19,97.46600341796875,1932.0,7.295599937438965,91.19999694824219,4490.0
2023-09-20,95.98999786376953,1945.5999755859375,7.285999774932861,90.27999877929688,4447.0
2023-09-21,96.06400299072266,1919.199951171875,7.30649995803833,89.62999725341797,4372.0
2023-09-22,,1925.4000244140625,,90.02999877929688,4361.0
2023-09-24,96.26499938964844,,7.297500133514404,,
2023-09-25,94.80500030517578,1916.5999755859375,7.309899806976318,89.68000030517578,4378.75
2023-09-26,96.56500244140625,1900.4000244140625,7.310699939727783,90.38999938964844,4314.75
2023-09-27,96.06999969482422,1871.5999755859375,7.30810022354126,93.68000030517578,4313.5
2023-09-28,96.61499786376953,1860.4000244140625,7.299900054931641,91.70999908447266,4337.5
2023-09-29,,1848.0999755859375,,90.79000091552734,4325.5
2023-10-01,97.96499633789062,,7.163599967956543,,
2023-10-02,98.76499938964844,1830.0,7.179900169372559,88.81999969482422,4324.25
2023-10-03,100.96499633789062,1824.5999755859375,7.194300174713135,89.2300033569336,4264.75
2023-10-04,99.46499633789062,1818.5,7.200300216674805,84.22000122070312,4297.75
2023-10-05,100.08999633789062,1816.5999755859375,7.197700023651123,82.30999755859375,4290.75
2023-10-06,,1830.199951171875,,82.79000091552734,4341.5
2023-10-08,100.96499633789062,,7.30049991607666,,
2023-10-09,99.21499633789062,1849.5,7.29040002822876,86.37999725341797,4368.75
2023-10-10,100.26480102539062,1861.0,7.295000076293945,85.97000122070312,4391.5
2023-10-11,97.71600341796875,1872.800048828125,7.298699855804443,83.48999786376953,4409.75
2023-10-12,97.69000244140625,1869.300048828125,7.301499843597412,82.91000366210938,4380.5
2023-10-13,,1927.4000244140625,,87.69000244140625,4357.25
2023-10-15,97.66500091552734,,7.168099880218506,,
2023-10-16,97.31500244140625,1921.0999755859375,7.309299945831299,86.66000366210938,4401.0
2023-10-17,97.99500274658203,1922.699951171875,7.311699867248535,86.66000366210938,4401.75
2023-10-18,98.07499694824219,1955.300048828125,7.313499927520752,88.31999969482422,4342.25
2023-10-19,96.1500015258789,1968.4000244140625,7.311200141906738,89.37000274658203,4303.0
2023-10-20,,1982.5,,88.75,4248.5
2023-10-22,95.41500091552734,,7.315400123596191,,
2023-10-23,94.46499633789062,1976.300048828125,7.3140997886657715,85.48999786376953,4241.75
2023-10-24,93.44499969482422,1975.0,7.309000015258789,83.73999786376953,4271.25
2023-10-25,93.96499633789062,1984.0999755859375,7.315700054168701,85.38999938964844,4209.75
2023-10-26,93.61499786376953,1987.199951171875,7.314899921417236,83.20999908447266,4156.5
2023-10-27,,1988.5999755859375,,85.54000091552734,4137.75
2023-10-30,94.16500091552734,1996.199951171875,7.158699989318848,82.30999755859375,4185.75
2023-10-31,92.5199966430664,1985.199951171875,7.312099933624268,81.0199966430664,4212.25
2023-11-01,93.29000091552734,1978.800048828125,7.315499782562256,80.44000244140625,4256.0
2023-11-02,92.57499694824219,1985.5999755859375,7.315899848937988,82.45999908447266,4335.75
2023-11-03,93.23999786376953,1991.5,7.3140997886657715,80.51000213623047,4376.0
2023-11-06,91.69599914550781,1981.5999755859375,7.298500061035156,80.81999969482422,4384.25
2023-11-07,92.62000274658203,1966.800048828125,7.268599987030029,77.37000274658203,4396.0
2023-11-08,92.06500244140625,1951.5,7.27810001373291,75.33000183105469,4399.5
2023-11-09,91.81500244140625,1964.199951171875,7.279300212860107,75.73999786376953,4362.25
2023-11-10,91.63999938964844,1932.5999755859375,7.282299995422363,77.16999816894531,4430.5
2023-11-13,92.16999816894531,1945.5,7.18179988861084,78.26000213623047,4425.25
2023-11-14,91.87999725341797,1961.800048828125,7.289000034332275,78.26000213623047,4511.0
2023-11-15,90.5,1960.0999755859375,7.252099990844727,76.66000366210938,4519.25
2023-11-16,89.41999816894531,1983.9000244140625,7.245800018310547,72.9000015258789,4523.25
2023-11-17,89.31500244140625,1981.5999755859375,7.241000175476074,75.88999938964844,4527.5
2023-11-20,89.33999633789062,1977.699951171875,7.209700107574463,77.5999984741211,4562.25
2023-11-21,88.5199966430664,1999.300048828125,7.167500019073486,77.7699966430664,4551.25
2023-11-22,88.20999908447266,1991.4000244140625,7.086900234222412,77.0999984741211,4567.25
2023-11-23,88.36499786376953,,7.154200077056885,,4569.5
2023-11-24,88.23999786376953,2002.199951171875,7.0858001708984375,75.54000091552734,4568.25
2023-11-27,89.24500274658203,2011.800048828125,7.081900119781494,74.86000061035156,4561.0
2023-11-28,89.04000091552734,2039.699951171875,7.130300045013428,76.41000366210938,4563.0
2023-11-29,88.84500122070312,2047.0999755859375,7.063799858093262,77.86000061035156,4559.25
2023-11-30,88.66500091552734,2038.0999755859375,7.07889986038208,75.95999908447266,4576.75
2023-12-01,89.94000244140625,2071.0,7.075399875640869,74.06999969482422,4600.75
2023-12-04,91.19000244140625,2024.0999755859375,7.061800003051758,73.04000091552734,4576.5
2023-12-05,91.46499633789062,2018.5,7.135200023651123,72.31999969482422,4575.0
2023-12-06,90.17749786376953,2030.5,7.145599842071533,69.37999725341797,4556.0
2023-12-07,92.76499938964844,2029.9000244140625,7.144599914550781,69.33999633789062,4589.5
2023-12-08,92.4000015258789,1998.300048828125,7.148799896240234,71.2300033569336,4607.5
2023-12-11,92.12000274658203,1978.0,7.1265997886657715,71.31999969482422,4626.0
2023-12-12,90.92500305175781,1977.800048828125,7.174200057983398,68.61000061035156,4645.75
2023-12-13,90.26499938964844,1982.300048828125,7.176000118255615,69.47000122070312,4708.25
2023-12-14,89.31500244140625,2030.199951171875,7.1717000007629395,71.58000183105469,4721.75
2023-12-15,89.48999786376953,2021.0999755859375,7.066999912261963,71.43000030517578,4694.27001953125
2023-12-18,90.61499786376953,2026.300048828125,7.070499897003174,72.47000122070312,4793.0
2023-12-19,90.48999786376953,2038.4000244140625,7.131999969482422,73.44000244140625,4820.25
2023-12-20,90.44000244140625,2034.5,7.067599773406982,74.22000122070312,4749.75
2023-12-21,90.05500030517578,2039.0999755859375,7.134099960327148,73.88999938964844,4796.75
2023-12-22,92.86000061035156,2057.10009765625,7.138500213623047,73.55999755859375,4805.25
2023-12-25,92.08999633789062,,7.0833001136779785,,
2023-12-26,91.9574966430664,2058.199951171875,7.135499954223633,75.56999969482422,4825.0
2023-12-27,91.59500122070312,2081.89990234375,7.142399787902832,74.11000061035156,4833.5
2023-12-28,91.61000061035156,2073.89990234375,7.140200138092041,71.7699966430664,4832.25
2023-12-29,88.44000244140625,2062.39990234375,7.10699987411499,71.6500015258789,4820.0
2024-01-01,89.21499633789062,,7.068600177764893,,
2024-01-02,89.21499633789062,2064.39990234375,7.068600177764893,70.37999725341797,4787.25
2024-01-03,90.3949966430664,2034.199951171875,7.089600086212158,72.69999694824219,4746.5
2024-01-04,91.96499633789062,2042.300048828125,7.098899841308594,72.19000244140625,4729.5
2024-01-05,91.31500244140625,2042.4000244140625,7.110000133514404,73.80999755859375,4734.75
2024-01-08,90.8949966430664,2026.5999755859375,7.09250020980835,70.7699966430664,4801.25
2024-01-09,90.8949966430664,2026.4000244140625,7.090000152587891,72.23999786376953,4792.75
2024-01-10,90.8949966430664,2021.699951171875,7.101600170135498,71.37000274658203,4820.25
2024-01-11,90.88999938964844,2014.300048828125,7.170400142669678,72.0199966430664,4815.5
2024-01-12,89.88999938964844,2046.699951171875,7.103099822998047,72.68000030517578,4816.5
2024-01-15,89.88999938964844,,7.100599765777588,,
2024-01-16,89.88999938964844,2026.0,7.0970001220703125,72.4000015258789,4798.5
2024-01-17,87.94999694824219,2002.5999755859375,7.116499900817871,72.55999755859375,4771.25
2024-01-18,88.62000274658203,2018.5999755859375,7.114500045776367,74.08000183105469,4811.25
2024-01-19,88.62000274658203,2026.5,7.114999771118164,73.41000366210938,4869.5
2024-01-22,89.41999816894531,2019.800048828125,7.107100009918213,75.19000244140625,4881.0
2024-01-23,87.98999786376953,2023.699951171875,7.192699909210205,74.37000274658203,4895.0
2024-01-24,87.98999786376953,2013.9000244140625,7.077600002288818,75.08999633789062,4898.0
2024-01-25,88.69000244140625,2016.9000244140625,7.081999778747559,77.36000061035156,4923.25
2024-01-26,88.0,2016.800048828125,7.081099987030029,78.01000213623047,4916.25
2024-01-29,88.0,2025.199951171875,7.086599826812744,76.77999877929688,4954.5
2024-01-30,89.2699966430664,2031.5,7.084499835968018,77.81999969482422,4951.0
2024-01-31,89.73999786376953,2048.39990234375,7.094099998474121,75.8499984741211,4870.5
2024-02-01,89.9800033569336,2053.0,7.1006999015808105,73.81999969482422,4928.5
2024-02-02,90.41000366210938,2036.0999755859375,7.088500022888184,72.27999877929688,4980.25
2024-02-05,90.98999786376953,2025.699951171875,7.112599849700928,72.77999877929688,4962.0
2024-02-06,90.98999786376953,2034.5,7.108500003814697,73.30999755859375,4974.75
2024-02-07,90.51000213623047,2035.199951171875,7.100100040435791,73.86000061035156,5015.25
2024-02-08,90.51000213623047,2032.199951171875,7.101099967956543,76.22000122070312,5017.75
2024-02-09,91.16999816894531,2023.300048828125,7.10699987411499,76.83999633789062,5044.0
2024-02-12,91.37000274658203,2018.199951171875,7.178999900817871,76.91999816894531,5041.25
2024-02-13,91.37000274658203,1992.9000244140625,7.192200183868408,77.87000274658203,4971.25
2024-02-14,91.5,1990.300048828125,7.188700199127197,76.63999938964844,5018.0
2024-02-15,91.63999938964844,2002.0999755859375,7.175899982452393,78.02999877929688,5046.5
2024-02-16,92.2699966430664,2011.5,7.163899898529053,79.19000244140625,5019.75
2024-02-19,92.2699966430664,,7.118599891662598,,
2024-02-20,92.47000122070312,2027.5,7.197199821472168,78.18000030517578,4991.5
2024-02-21,92.0999984741211,2022.300048828125,7.189700126647949,77.91000366210938,4996.25
2024-02-22,92.0999984741211,2019.699951171875,7.1880998611450195,78.61000061035156,5097.75
2024-02-23,93.04000091552734,2038.5999755859375,7.193299770355225,76.48999786376953,5101.5
2024-02-26,93.04000091552734,2028.5,7.194399833679199,77.58000183105469,5080.25
2024-02-27,91.87000274658203,2034.0,7.196300029754639,78.87000274658203,5090.0
2024-02-28,91.87000274658203,2033.0,7.197400093078613,78.54000091552734,5081.0
2024-02-29,91.87000274658203,2045.699951171875,7.196000099182129,78.26000213623047,5103.75
2024-03-01,91.48999786376953,2086.89990234375,7.18720006942749,79.97000122070312,5146.0
2024-03-04,91.48999786376953,2117.699951171875,7.195799827575684,78.73999786376953,5138.25
2024-03-05,91.48999786376953,2133.5,7.19890022277832,78.1500015258789,5085.75
2024-03-06,91.61000061035156,2150.300048828125,7.196000099182129,79.12999725341797,5111.75
2024-03-07,90.80999755859375,2158.0,7.195899963378906,78.93000030517578,5161.75
2024-03-08,90.80999755859375,2178.60009765625,7.192299842834473,78.01000213623047,5129.0
2024-03-11,90.94000244140625,2182.5,7.185200214385986,77.93000030517578,5123.0
2024-03-12,90.48999786376953,2160.39990234375,7.183800220489502,77.55999755859375,5177.25
2024-03-13,91.72000122070312,2175.39990234375,7.181000232696533,79.72000122070312,5168.0
2024-03-14,91.33999633789062,2163.0,7.186600208282471,81.26000213623047,5153.75
2024-03-15,91.33999633789062,2157.300048828125,7.192200183868408,81.04000091552734,5101.669921875
2024-03-18,92.5199966430664,2160.699951171875,7.195000171661377,82.72000122070312,5214.75
2024-03-19,92.5199966430664,2156.300048828125,7.197199821472168,83.47000122070312,5241.75
2024-03-20,91.44000244140625,2157.89990234375,7.197999954223633,81.68000030517578,5286.75
2024-03-21,91.44000244140625,2182.39990234375,7.1975998878479,81.06999969482422,5302.5
2024-03-22,92.3499984741211,2158.10009765625,7.198200225830078,80.62999725341797,5293.25
2024-03-25,92.12000274658203,2174.800048828125,7.228099822998047,81.94999694824219,5278.25
2024-03-26,92.4749984741211,2175.60009765625,7.208399772644043,81.62000274658203,5265.25
2024-03-27,92.47000122070312,2190.60009765625,7.217700004577637,81.3499984741211,5308.25
2024-03-28,92.44000244140625,2217.39990234375,7.225800037384033,83.16999816894531,5308.5
2024-03-29,92.44000244140625,,7.226500034332275,,
2024-03-31,92.56999969482422,,7.220300197601318,,
2024-04-01,92.27999877929688,2236.5,7.229700088500977,83.70999908447266,5295.25
2024-04-02,92.27999877929688,2261.0,7.232399940490723,85.1500015258789,5260.5
2024-04-03,92.44999694824219,2294.39990234375,7.234399795532227,85.43000030517578,5266.5
2024-04-04,92.44999694824219,2288.800048828125,7.23390007019043,86.58999633789062,5197.25
2024-04-05,,2325.699951171875,,86.91000366210938,5253.0
2024-04-07,92.56999969482422,,7.231400012969971,,
2024-04-08,92.62000274658203,2331.699951171875,7.229700088500977,86.43000030517578,5253.25
2024-04-09,92.62000274658203,2343.5,7.2307000160217285,85.2300033569336,5260.25
2024-04-10,92.88999938964844,2329.60009765625,7.231500148773193,86.20999908447266,5207.75
2024-04-11,92.88999938964844,2354.800048828125,7.235899925231934,85.0199966430664,5243.25
2024-04-12,,2356.199951171875,,85.66000366210938,5167.5
2024-04-14,93.30000305175781,,7.235599994659424,,
2024-04-15,93.30000305175781,2365.800048828125,7.236999988555908,85.41000366210938,5104.0
2024-04-16,93.30000305175781,2390.800048828125,7.236199855804443,85.36000061035156,5092.5
2024-04-17,94.13999938964844,2371.699951171875,7.237400054931641,82.69000244140625,5062.25
2024-04-18,93.69999694824219,2382.300048828125,7.236700057983398,82.7300033569336,5049.0
2024-04-19,,2398.39990234375,,83.13999938964844,5003.75
2024-04-21,93.69999694824219,,7.2393999099731445,,
2024-04-22,93.0199966430664,2332.199951171875,7.242499828338623,82.8499984741211,5047.5
2024-04-23,93.0199966430664,2327.699951171875,7.244500160217285,83.36000061035156,5106.5
2024-04-24,93.47000122070312,2324.5,7.244200229644775,82.80999755859375,5107.5
2024-04-25,92.2699966430664,2329.800048828125,7.23859977722168,83.56999969482422,5082.25
2024-04-26,,2334.800048828125,,83.8499984741211,5131.5
2024-04-28,92.2699966430664,,7.24459981918335,,
2024-04-29,93.41999816894531,2345.39990234375,7.23769998550415,82.62999725341797,5147.0
2024-04-30,93.41999816894531,2291.39990234375,7.240699768066406,81.93000030517578,5067.0
2024-05-01,93.26000213623047,2299.89990234375,7.2399001121521,79.0,5046.5
2024-05-02,93.26000213623047,2299.199951171875,7.238399982452393,78.94999694824219,5091.5
2024-05-03,,2299.0,,78.11000061035156,5154.75
2024-05-05,93.26000213623047,,7.236199855804443,,
2024-05-06,91.06999969482422,2321.60009765625,7.208000183105469,78.4800033569336,5206.5
2024-05-07,91.06999969482422,2315.199951171875,7.218400001525879,78.37999725341797,5213.75
2024-05-08,91.27999877929688,2313.60009765625,7.223800182342529,78.98999786376953,5212.75
2024-05-09,91.62000274658203,2332.10009765625,7.218699932098389,79.26000213623047,5239.0
2024-05-10,,2367.300048828125,,78.26000213623047,5246.25
2024-05-12,91.62000274658203,,7.225800037384033,,
2024-05-13,91.62000274658203,2336.10009765625,7.2322998046875,79.12000274658203,5245.5
2024-05-14,91.31999969482422,2353.39990234375,7.2322998046875,78.0199966430664,5269.5
2024-05-15,90.74500274658203,2388.699951171875,7.217700004577637,78.62999725341797,5333.0
2024-05-16,90.74500274658203,2380.0,7.2170000076293945,79.2300033569336,5320.25
2024-05-17,,2412.199951171875,,80.05999755859375,5327.25
2024-05-19,90.74500274658203,,7.222700119018555,,
2024-05-20,90.29000091552734,2433.89990234375,7.2316999435424805,79.80000305175781,5331.75
2024-05-21,90.31999969482422,2421.699951171875,7.237599849700928,79.26000213623047,5345.25
2024-05-22,90.31999969482422,2389.199951171875,7.240300178527832,77.56999969482422,5328.0
2024-05-23,91.62000274658203,2335.0,7.241499900817871,76.87000274658203,5285.25
2024-05-24,,2332.5,,77.72000122070312,5321.5
2024-05-26,91.62000274658203,,7.241499900817871,,
2024-05-27,91.62000274658203,,7.241499900817871,,
2024-05-28,91.62000274658203,2355.199951171875,7.244999885559082,79.83000183105469,5324.75
2024-05-29,89.56999969482422,2340.300048828125,7.2494001388549805,79.2300033569336,5284.0
2024-05-30,89.56999969482422,2342.89990234375,7.233500003814697,77.91000366210938,5253.0
2024-05-31,,2322.89990234375,,76.98999786376953,5295.5
2024-06-02,90.41999816894531,,7.241000175476074,,
2024-06-03,89.31999969482422,2346.60009765625,7.242000102996826,74.22000122070312,5297.25
2024-06-04,88.52999877929688,2325.5,7.242000102996826,73.25,5304.0
2024-06-05,89.04549407958984,2354.10009765625,7.246699810028076,74.06999969482422,5366.0
2024-06-06,89.32048797607422,2370.300048828125,7.244100093841553,75.55000305175781,5364.0
2024-06-07,,2305.199951171875,,75.52999877929688,5355.75
2024-06-09,88.8342514038086,,7.246799945831299,,
2024-06-10,88.8700180053711,2307.699951171875,7.246799945831299,77.73999786376953,5371.25
2024-06-11,89.24626922607422,2307.5,7.246699810028076,77.9000015258789,5384.0
2024-06-12,88.9970932006836,2336.0,7.238100051879883,78.5,5427.5
2024-06-13,87.87535095214844,2300.199951171875,7.2515997886657715,78.62000274658203,5438.5
2024-06-14,,2331.39990234375,,78.44999694824219,5437.5
2024-06-16,88.06436157226562,,7.254300117492676,,
2024-06-17,88.72040557861328,2312.39990234375,7.255000114440918,80.33000183105469,5478.5
2024-06-18,85.37165832519531,2330.39990234375,7.252699851989746,81.56999969482422,5491.0
2024-06-19,83.49625396728516,,7.25629997253418,,
2024-06-20,87.37244415283203,2353.800048828125,7.259099960327148,82.16999816894531,5476.75
2024-06-21,,2316.39990234375,,80.7300033569336,5471.89013671875
2024-06-23,87.3442153930664,,7.259200096130371,,
2024-06-24,87.99541473388672,2330.0,7.257699966430664,81.62999725341797,5517.0
2024-06-25,87.4979476928711,2316.60009765625,7.26140022277832,80.83000183105469,5537.0
2024-06-26,88.2453842163086,2299.199951171875,7.263500213623047,80.9000015258789,5543.5
2024-06-27,84.99630737304688,2324.5,7.267199993133545,81.73999786376953,5546.0
2024-06-28,,2327.699951171875,,81.54000091552734,5521.5
2024-06-30,85.50910186767578,,7.2657999992370605,,
2024-07-01,86.7470474243164,2327.60009765625,7.266900062561035,83.37999725341797,5533.75
2024-07-02,87.84622192382812,2323.0,7.269400119781494,82.80999755859375,5568.75
2024-07-03,88.49542999267578,2359.800048828125,7.268599987030029,83.87999725341797,5590.25
2024-07-04,88.99748992919922,,7.2657999992370605,,
2024-07-05,,2388.5,,83.16000366210938,5621.5
2024-07-07,87.1934585571289,,7.2677998542785645,,
2024-07-08,86.61963653564453,2355.199951171875,7.267099857330322,82.33000183105469,5625.25
2024-07-09,86.4906997680664,2360.10009765625,7.271699905395508,81.41000366210938,5631.25
2024-07-10,88.34503173828125,2372.199951171875,7.274499893188477,82.0999984741211,5688.0
2024-07-11,86.99708557128906,2415.0,7.254799842834473,82.62000274658203,5639.75
2024-07-12,,2414.0,,82.20999908447266,5664.75
2024-07-14,86.76679992675781,,7.2494001388549805,,
2024-07-15,87.99429321289062,2422.89990234375,7.258900165557861,81.91000366210938,5683.0
2024-07-16,88.49625396728516,2462.39990234375,7.137899875640869,80.76000213623047,5717.25
2024-07-17,88.4801025390625,2454.800048828125,7.259399890899658,82.8499984741211,5639.0
2024-07-18,88.39669799804688,2451.800048828125,7.258900165557861,82.81999969482422,5594.5
2024-07-19,,2395.5,,80.12999725341797,5553.75
2024-07-21,86.88471984863281,,7.269000053405762,,
2024-07-22,87.84465789794922,2392.0,7.27269983291626,79.77999877929688,5610.75
2024-07-23,87.84552001953125,2404.60009765625,7.2743000984191895,76.95999908447266,5599.25
2024-07-24,86.23690795898438,2413.300048828125,7.261199951171875,77.58999633789062,5472.0
2024-07-25,84.9942855834961,2351.89990234375,7.230100154876709,78.27999877929688,5441.25
2024-07-26,,2380.0,,77.16000366210938,5499.0
2024-07-28,84.99562072753906,,7.250100135803223,,
2024-07-29,86.39580535888672,2377.300048828125,7.258299827575684,75.80999755859375,5503.0
2024-07-30,85.74746704101562,2405.0,7.250699996948242,74.7300033569336,5472.5
2024-07-31,85.99626922607422,2426.5,7.217199802398682,77.91000366210938,5558.0
2024-08-01,85.51448822021484,2435.0,7.242800235748291,76.30999755859375,5480.25
2024-08-02,,2425.699951171875,,73.5199966430664,5376.0
2024-08-04,84.13951873779297,,7.157199859619141,,
2024-08-05,84.87247467041016,2401.699951171875,7.120200157165527,72.94000244140625,5217.5
2024-08-06,85.66654205322266,2389.10009765625,7.156300067901611,73.19999694824219,5266.25
2024-08-07,85.72735595703125,2390.5,7.180300235748291,75.2300033569336,5227.5
2024-08-08,86.74417114257812,2422.199951171875,7.173699855804443,76.19000244140625,5348.25
2024-08-09,,2432.10009765625,,76.83999633789062,5370.25
2024-08-11,86.79954528808594,,7.166299819946289,,
2024-08-12,90.99552154541016,2462.39990234375,7.173999786376953,80.05999755859375,5369.75
2024-08-13,90.496337890625,2466.699951171875,7.152900218963623,78.3499984741211,5459.0
2024-08-14,89.79513549804688,2439.39990234375,7.13730001449585,76.9800033569336,5477.0
2024-08-15,88.9215316772461,2453.10009765625,7.173399925231934,78.16000366210938,5567.5
2024-08-16,,2498.60009765625,,76.6500015258789,5578.25
2024-08-18,89.46427154541016,,7.164000034332275,,
2024-08-19,89.99603271484375,2501.800048828125,7.140500068664551,74.37000274658203,5630.0
2024-08-20,91.14886474609375,2511.300048828125,7.131999969482422,74.04000091552734,5619.75
2024-08-21,91.4968032836914,2508.39990234375,7.131800174713135,71.93000030517578,5641.5
2024-08-22,91.49641418457031,2478.89990234375,7.144400119781494,73.01000213623047,5594.0
2024-08-23,,2508.39990234375,,74.83000183105469,5652.5
2024-08-25,90.2614517211914,,7.124000072479248,,
2024-08-26,92.00057220458984,2517.699951171875,7.118100166320801,77.41999816894531,5637.0
2024-08-27,91.49476623535156,2516.0,7.1230998039245605,75.52999877929688,5644.75
2024-08-28,91.49394989013672,2501.0,7.124300003051758,74.5199966430664,5610.25
2024-08-29,91.49642944335938,2525.699951171875,7.0954999923706055,75.91000366210938,5610.0
2024-08-30,,2493.800048828125,,73.55000305175781,5661.0
2024-09-01,90.67738342285156,,7.092100143432617,,
2024-09-02,89.79557037353516,,7.116600036621094,,
2024-09-03,87.87251281738281,2489.89990234375,7.1203999519348145,70.33999633789062,5541.75
2024-09-04,87.49964141845703,2493.39990234375,7.1118998527526855,69.19999694824219,5530.0
2024-09-05,88.24842071533203,2511.39990234375,7.091300010681152,69.1500015258789,5512.25
2024-09-06,,2493.5,,67.66999816894531,5419.5
2024-09-08,89.15444946289062,,7.087900161743164,,
2024-09-09,90.54016876220703,2501.800048828125,7.11359977722168,68.70999908447266,5479.5
2024-09-10,90.99885559082031,2512.300048828125,7.120800018310547,65.75,5504.0
2024-09-11,91.5688247680664,2512.10009765625,7.119699954986572,67.30999755859375,5561.25
2024-09-12,89.1964111328125,2551.199951171875,7.116600036621094,68.97000122070312,5602.25
2024-09-13,,2581.300048828125,,68.6500015258789,5629.75
2024-09-15,89.73624420166016,,7.092700004577637,,
2024-09-16,91.39635467529297,2580.39990234375,7.09250020980835,70.08999633789062,5638.0
2024-09-17,91.49606323242188,2564.300048828125,7.09250020980835,71.19000244140625,5639.0
2024-09-18,93.62269592285156,2570.699951171875,7.080999851226807,70.91000366210938,5620.75
2024-09-19,92.17015075683594,2588.0,7.066999912261963,71.94999694824219,5717.75
2024-09-20,,2619.89990234375,,71.91999816894531,5699.990234375
2024-09-22,91.74928283691406,,7.050899982452393,,
2024-09-23,91.46929931640625,2626.5,7.051300048828125,70.37000274658203,5776.75
2024-09-24,92.7972183227539,2651.199951171875,7.030200004577637,71.55999755859375,5792.0
2024-09-25,92.4964828491211,2659.199951171875,7.032299995422363,69.69000244140625,5779.0
2024-09-26,92.60604095458984,2669.89990234375,7.008999824523926,67.66999816894531,5804.5
2024-09-27,,2644.300048828125,,68.18000030517578,5791.25
2024-09-29,94.22872924804688,,7.010300159454346,,
2024-09-30,92.99935150146484,2636.10009765625,7.017499923706055,68.16999816894531,5814.25
2024-10-01,95.84689331054688,2667.300048828125,7.030399799346924,69.83000183105469,5759.75
2024-10-02,95.64681243896484,2647.10009765625,7.037700176239014,70.0999984741211,5760.25
2024-10-03,94.49250793457031,2657.10009765625,7.045100212097168,73.70999908447266,5749.5
2024-10-04,,2645.800048828125,,74.37999725341797,5800.0
2024-10-06,94.79666900634766,,7.017499923706055,,
2024-10-07,96.19636535644531,2644.800048828125,7.019100189208984,77.13999938964844,5744.75
2024-10-08,96.74461364746094,2615.0,7.057799816131592,73.56999969482422,5800.5
2024-10-09,97.00032043457031,2606.0,7.080100059509277,73.23999786376953,5841.25
2024-10-10,96.59542083740234,2620.60009765625,7.080100059509277,75.8499984741211,5829.0
2024-10-11,,2657.60009765625,,75.55999755859375,5859.75
2024-10-13,95.88238525390625,,7.065199851989746,,
2024-10-14,95.59062957763672,2647.800048828125,7.087200164794922,73.83000183105469,5908.25
2024-10-15,96.9949722290039,2661.39990234375,7.117800235748291,70.58000183105469,5862.75
2024-10-16,97.496826171875,2674.0,7.1184000968933105,70.38999938964844,5887.0
2024-10-17,97.39495849609375,2691.0,7.123000144958496,70.66999816894531,5887.0
2024-10-18,,2713.699951171875,,69.22000122070312,5906.0
2024-10-20,94.95330810546875,,7.100800037384033,,
2024-10-21,96.7945556640625,2723.10009765625,7.118000030517578,70.55999755859375,5896.25
2024-10-22,95.74276733398438,2744.199951171875,7.121699810028076,72.08999633789062,5892.5
2024-10-23,95.95083618164062,2714.39990234375,7.12529993057251,70.7699966430664,5837.75
2024-10-24,96.24457550048828,2734.89990234375,7.11870002746582,70.19000244140625,5849.0
2024-10-25,,2740.89990234375,,71.77999877929688,5846.0
2024-10-28,97.24337005615234,2742.89990234375,7.120100021362305,67.37999725341797,5861.5
2024-10-29,97.24455261230469,2768.39990234375,7.127500057220459,67.20999908447266,5871.0
2024-10-30,97.49544525146484,2788.5,7.130099773406982,68.61000061035156,5852.0
2024-10-31,97.01905822753906,2738.300048828125,7.114799976348877,69.26000213623047,5738.5
2024-11-01,97.37313842773438,2738.60009765625,7.118500232696533,69.48999786376953,5758.25
2024-11-04,97.02130889892578,2736.10009765625,7.121699810028076,71.47000122070312,5743.25
2024-11-05,98.99544525146484,2740.300048828125,7.097799777984619,71.98999786376953,5812.25
2024-11-06,97.7958755493164,2667.60009765625,7.102200031280518,71.69000244140625,5958.25
2024-11-07,97.2181625366211,2698.39990234375,7.1768999099731445,72.36000061035156,6003.75
2024-11-08,97.9981689453125,2687.5,7.141200065612793,70.37999725341797,6025.25
2024-11-11,97.06427001953125,2611.199951171875,7.178199768066406,68.04000091552734,6031.75
2024-11-12,95.9945068359375,2600.0,7.211100101470947,68.12000274658203,6013.0
2024-11-13,98.2466812133789,2580.800048828125,7.231599807739258,68.43000030517578,6016.0
2024-11-14,98.49440002441406,2568.199951171875,7.223499774932861,68.69999694824219,5978.25
2024-11-15,99.57842254638672,2565.699951171875,7.2291998863220215,67.0199966430664,5896.5
2024-11-18,99.98167419433594,2610.60009765625,7.230999946594238,69.16000366210938,5920.0
2024-11-19,99.74581146240234,2627.10009765625,7.235400199890137,69.38999938964844,5938.75
2024-11-20,100.57264709472656,2648.199951171875,7.238100051879883,68.87000274658203,5937.75
2024-11-21,100.59713745117188,2672.10009765625,7.24399995803833,70.0999984741211,5970.5
2024-11-22,101.29666137695312,2709.89990234375,7.233699798583984,71.23999786376953,5987.0
2024-11-25,103.70426940917969,2616.800048828125,7.242000102996826,68.94000244140625,6006.5
2024-11-26,104.01014709472656,2620.300048828125,7.239500045776367,68.7699966430664,6038.25
2024-11-27,105.49270629882812,2639.89990234375,7.251999855041504,68.72000122070312,6015.0
2024-11-28,113.14102172851562,,7.246200084686279,,
2024-11-29,107.99378967285156,2657.0,7.2428998947143555,68.0,6051.5
2024-12-02,106.50303649902344,2634.89990234375,7.240699768066406,68.0999984741211,6061.75
2024-12-03,106.48507690429688,2644.699951171875,7.270899772644043,69.94000244140625,6063.25
2024-12-04,104.99542999267578,2653.800048828125,7.28380012512207,68.54000091552734,6098.5
2024-12-05,104.99980926513672,2626.60009765625,7.263000011444092,68.30000305175781,6088.75
2024-12-06,100.99154663085938,2638.60009765625,7.259200096130371,67.19999694824219,6099.0
2024-12-09,97.96543884277344,2664.89990234375,7.2692999839782715,68.37000274658203,6065.75
2024-12-10,99.995361328125,2697.60009765625,7.259500026702881,68.58999633789062,6046.25
2024-12-11,103.04581451416016,2733.800048828125,7.248700141906738,70.29000091552734,6092.75
2024-12-12,105.50025939941406,2687.5,7.261099815368652,70.0199966430664,6060.75
2024-12-13,104.99627685546875,2656.0,7.267600059509277,71.29000091552734,6055.5
2024-12-16,102.28646087646484,2651.39990234375,7.275100231170654,70.70999908447266,6080.5
2024-12-17,103.59478759765625,2644.39990234375,7.282400131225586,70.08000183105469,6053.75
2024-12-18,104.59326934814453,2636.5,7.284599781036377,70.58000183105469,5872.25
2024-12-19,104.67269897460938,2592.199951171875,7.285399913787842,69.91000366210938,5868.75
2024-12-20,103.4926986694336,2628.699951171875,7.295400142669678,69.45999908447266,5840.259765625
2024-12-23,101.84226989746094,2612.300048828125,7.295400142669678,69.23999786376953,6036.0
2024-12-24,101.2236557006836,2620.0,7.296999931335449,70.0999984741211,6098.0
2024-12-25,99.94905090332031,,7.294600009918213,,
2024-12-26,99.98509216308594,2638.800048828125,7.2972002029418945,69.62000274658203,6095.25
2024-12-27,99.7610855102539,2617.199951171875,7.297299861907959,70.5999984741211,6027.0
2024-12-30,104.51876068115234,2606.10009765625,7.297800064086914,70.98999786376953,5958.75
2024-12-31,110.49376678466797,2629.199951171875,7.298099994659424,71.72000122070312,5935.75
2025-01-01,,,,,
2025-01-02,113.72217559814453,2658.89990234375,7.298099994659424,73.12999725341797,5916.5
2025-01-03,110.99624633789062,2645.0,7.298600196838379,73.95999908447266,5989.5
2025-01-06,108.83383178710938,2638.39990234375,7.3196001052856445,73.55999755859375,6020.5
2025-01-07,107.49576568603516,2656.699951171875,7.322299957275391,74.25,5954.25
2025-01-08,107.24622344970703,2664.5,7.326399803161621,73.31999969482422,5959.25
2025-01-09,104.4962387084961,2683.800048828125,7.331500053405762,73.91999816894531,5944.75
2025-01-10,102.2526626586914,2708.5,7.332099914550781,76.56999969482422,5866.25
2025-01-13,101.7596664428711,2673.5,7.331699848175049,78.81999969482422,5874.5
2025-01-14,102.74462127685547,2677.5,7.329800128936768,77.5,5882.25
2025-01-15,101.9962387084961,2712.5,7.330900192260742,80.04000091552734,5989.0
2025-01-16,102.4911880493164,2746.39990234375,7.330100059509277,78.68000030517578,5975.5
2025-01-17,103.61359405517578,2744.300048828125,7.330999851226807,77.87999725341797,6033.5
2025-01-20,101.78314971923828,,7.323999881744385,,
2025-01-21,100.99717712402344,2755.0,7.313300132751465,75.88999938964844,6084.25
2025-01-22,99.49525451660156,2767.60009765625,7.271200180053711,75.44000244140625,6120.5
2025-01-23,99.24761199951172,2763.10009765625,7.271200180053711,74.62000274658203,6152.0
2025-01-24,99.86971282958984,2777.300048828125,7.286200046539307,74.66000366210938,6133.25
2025-01-27,97.211669921875,2737.5,7.243100166320801,73.16999816894531,6046.75
2025-01-28,97.3646011352539,2766.800048828125,7.250699996948242,73.7699966430664,6097.0
2025-01-29,97.9966812133789,2769.10009765625,7.250199794769287,72.62000274658203,6067.5
2025-01-30,99.24478149414062,2823.0,7.169000148773193,72.7300033569336,6099.25
2025-01-31,98.4952621459961,2812.5,7.1809000968933105,72.52999877929688,6067.25
2025-02-03,98.75531005859375,2833.89990234375,7.185800075531006,73.16000366210938,6022.25
2025-02-04,99.7456283569336,2853.300048828125,7.195000171661377,72.69999694824219,6063.0
2025-02-05,100.69673919677734,2871.60009765625,7.1819000244140625,71.02999877929688,6086.5
2025-02-06,97.99336242675781,2856.0,7.270500183105469,70.61000061035156,6106.0
2025-02-07,96.73268127441406,2867.300048828125,7.287799835205078,71.0,6049.5
2025-02-10,96.73853302001953,2914.300048828125,7.286799907684326,72.31999969482422,6088.75
2025-02-11,96.61639404296875,2912.5,7.304500102996826,73.31999969482422,6092.25
2025-02-12,96.47132873535156,2909.0,7.307199954986572,71.37000274658203,6072.75
2025-02-13,93.99623107910156,2925.89990234375,7.308800220489502,71.29000091552734,6135.25
2025-02-14,89.4957504272461,2883.60009765625,7.28879976272583,70.73999786376953,6132.0
2025-02-17,90.09052276611328,2894.699951171875,7.252999782562256,71.38999938964844,6146.0
2025-02-18,91.49703979492188,2931.60009765625,7.252999782562256,71.8499984741211,6146.75
2025-02-19,91.5439224243164,2919.39990234375,7.278600215911865,72.25,6163.0
2025-02-20,89.6190185546875,2940.0,7.283299922943115,72.56999969482422,6136.5
2025-02-21,88.67111206054688,2937.60009765625,7.255499839782715,70.4000015258789,6029.0
2025-02-24,87.92698669433594,2947.89990234375,7.25,70.69999694824219,6000.75
2025-02-25,87.73686981201172,2904.5,7.247600078582764,68.93000030517578,5970.0
2025-02-26,86.59569549560547,2916.800048828125,7.247600078582764,68.62000274658203,5970.75
2025-02-27,86.82077026367188,2883.199951171875,7.257999897003174,70.3499984741211,5876.25
2025-02-28,87.69821166992188,2836.800048828125,7.285299777984619,69.76000213623047,5963.25
2025-03-03,87.48175811767578,2890.199951171875,7.282800197601318,68.37000274658203,5860.75
2025-03-04,88.97270202636719,2939.0,7.25570011138916,67.33999633789062,5820.0
