timestamp,date,price
1646258400.0,2022-03-03 01:00:00,0.28
1646344800.0,2022-03-04 01:00:00,0.278
1646431200.0,2022-03-05 01:00:00,0.28
1646517600.0,2022-03-06 01:00:00,0.276
1646604000.0,2022-03-07 01:00:00,0.275
1646690400.0,2022-03-08 01:00:00,0.292
1646776800.0,2022-03-09 01:00:00,0.292
1646863200.0,2022-03-10 01:00:00,0.286
1646949600.0,2022-03-11 01:00:00,0.297
1647036000.0,2022-03-12 01:00:00,0.291
1647122400.0,2022-03-13 01:00:00,0.308
1647208800.0,2022-03-14 01:00:00,0.315
1647295200.0,2022-03-15 01:00:00,0.31
1647381600.0,2022-03-16 01:00:00,0.309
1647468000.0,2022-03-17 01:00:00,0.32
1647554400.0,2022-03-18 01:00:00,0.324
1647640800.0,2022-03-19 01:00:00,0.331
1647727200.0,2022-03-20 01:00:00,0.327
1647813600.0,2022-03-21 01:00:00,0.337
1647900000.0,2022-03-22 01:00:00,0.342
1647986400.0,2022-03-23 01:00:00,0.356
1648072800.0,2022-03-24 01:00:00,0.357
1648159200.0,2022-03-25 01:00:00,0.364
1648245600.0,2022-03-26 01:00:00,0.372
1648332000.0,2022-03-27 01:00:00,0.372
1648418400.0,2022-03-28 01:00:00,0.37
1648504800.0,2022-03-29 01:00:00,0.373
1648591200.0,2022-03-30 01:00:00,0.398
1648677600.0,2022-03-31 01:00:00,0.418
1648764000.0,2022-04-01 01:00:00,0.434
1648850400.0,2022-04-02 01:00:00,0.469
1648936800.0,2022-04-03 01:00:00,0.497
1649023200.0,2022-04-04 01:00:00,0.548
1649109600.0,2022-04-05 01:00:00,0.575
1649196000.0,2022-04-06 01:00:00,0.574
1649282400.0,2022-04-07 01:00:00,0.582
1649368800.0,2022-04-08 01:00:00,0.578
1649455200.0,2022-04-09 01:00:00,0.58
1649541600.0,2022-04-10 01:00:00,0.558
1649628000.0,2022-04-11 01:00:00,0.501
1649714400.0,2022-04-12 01:00:00,0.467
1649800800.0,2022-04-13 01:00:00,0.487
1649887200.0,2022-04-14 01:00:00,0.492
1649973600.0,2022-04-15 01:00:00,0.505
1650060000.0,2022-04-16 01:00:00,0.515
1650146400.0,2022-04-17 01:00:00,0.521
1650232800.0,2022-04-18 01:00:00,0.518
1650319200.0,2022-04-19 01:00:00,0.507
1650405600.0,2022-04-20 01:00:00,0.497
1650492000.0,2022-04-21 01:00:00,0.504
1650578400.0,2022-04-22 01:00:00,0.521
1650664800.0,2022-04-23 01:00:00,0.518
1650751200.0,2022-04-24 01:00:00,0.506
1650837600.0,2022-04-25 01:00:00,0.513
1650924000.0,2022-04-26 01:00:00,0.523
1651010400.0,2022-04-27 01:00:00,0.519
1651096800.0,2022-04-28 01:00:00,0.518
1651183200.0,2022-04-29 01:00:00,0.53
1651269600.0,2022-04-30 01:00:00,0.542
1651356000.0,2022-05-01 01:00:00,0.535
1651442400.0,2022-05-02 01:00:00,0.537
1651528800.0,2022-05-03 01:00:00,0.529
1651615200.0,2022-05-04 01:00:00,0.51
1651701600.0,2022-05-05 01:00:00,0.503
1651788000.0,2022-05-06 01:00:00,0.518
1651874400.0,2022-05-07 01:00:00,0.529
1651960800.0,2022-05-08 01:00:00,0.53
1652047200.0,2022-05-09 01:00:00,0.529
1652133600.0,2022-05-10 01:00:00,0.531
1652220000.0,2022-05-11 01:00:00,0.537
1652306400.0,2022-05-12 01:00:00,0.532
1652392800.0,2022-05-13 01:00:00,0.541
1652479200.0,2022-05-14 01:00:00,0.556
1652565600.0,2022-05-15 01:00:00,0.569
1652652000.0,2022-05-16 01:00:00,0.596
1652738400.0,2022-05-17 01:00:00,0.609
1652824800.0,2022-05-18 01:00:00,0.617
1652911200.0,2022-05-19 01:00:00,0.619
1652997600.0,2022-05-20 01:00:00,0.626
1653084000.0,2022-05-21 01:00:00,0.652
1653170400.0,2022-05-22 01:00:00,0.665
1653256800.0,2022-05-23 01:00:00,0.671
1653343200.0,2022-05-24 01:00:00,0.683
1653429600.0,2022-05-25 01:00:00,0.687
1653516000.0,2022-05-26 01:00:00,0.679
1653602400.0,2022-05-27 01:00:00,0.695
1653688800.0,2022-05-28 01:00:00,0.698
1653775200.0,2022-05-29 01:00:00,0.697
1653861600.0,2022-05-30 01:00:00,0.684
1653948000.0,2022-05-31 01:00:00,0.697
1654034400.0,2022-06-01 01:00:00,0.693
1654120800.0,2022-06-02 01:00:00,0.695
1654207200.0,2022-06-03 01:00:00,0.669
1654293600.0,2022-06-04 01:00:00,0.656
1654380000.0,2022-06-05 01:00:00,0.652
1654466400.0,2022-06-06 01:00:00,0.646
1654552800.0,2022-06-07 01:00:00,0.668
1654639200.0,2022-06-08 01:00:00,0.646
1654725600.0,2022-06-09 01:00:00,0.621
1654812000.0,2022-06-10 01:00:00,0.66
1654898400.0,2022-06-11 01:00:00,0.654
1654984800.0,2022-06-12 01:00:00,0.637
1655071200.0,2022-06-13 01:00:00,0.634
1655157600.0,2022-06-14 01:00:00,0.615
1655244000.0,2022-06-15 01:00:00,0.614
1655330400.0,2022-06-16 01:00:00,0.582
1655416800.0,2022-06-17 01:00:00,0.553
1655503200.0,2022-06-18 01:00:00,0.536
1655589600.0,2022-06-19 01:00:00,0.557
1655676000.0,2022-06-20 01:00:00,0.589
1655762400.0,2022-06-21 01:00:00,0.581
1655848800.0,2022-06-22 01:00:00,0.55
1655935200.0,2022-06-23 01:00:00,0.548
1656021600.0,2022-06-24 01:00:00,0.544
1656108000.0,2022-06-25 01:00:00,0.547
1656194400.0,2022-06-26 01:00:00,0.536
1656280800.0,2022-06-27 01:00:00,0.552
1656367200.0,2022-06-28 01:00:00,0.556
1656453600.0,2022-06-29 01:00:00,0.563
1656540000.0,2022-06-30 01:00:00,0.594
1656626400.0,2022-07-01 01:00:00,0.607
1656712800.0,2022-07-02 01:00:00,0.616
1656799200.0,2022-07-03 01:00:00,0.622
1656885600.0,2022-07-04 01:00:00,0.628
1656972000.0,2022-07-05 01:00:00,0.631
1657058400.0,2022-07-06 01:00:00,0.606
1657144800.0,2022-07-07 01:00:00,0.628
1657231200.0,2022-07-08 01:00:00,0.648
1657317600.0,2022-07-09 01:00:00,0.68
1657404000.0,2022-07-10 01:00:00,0.688
1657490400.0,2022-07-11 01:00:00,0.688
1657576800.0,2022-07-12 01:00:00,0.694
1657663200.0,2022-07-13 01:00:00,0.706
1657749600.0,2022-07-14 01:00:00,0.701
1657836000.0,2022-07-15 01:00:00,0.715
1657922400.0,2022-07-16 01:00:00,0.726
1658008800.0,2022-07-17 01:00:00,0.736
1658095200.0,2022-07-18 01:00:00,0.744
1658181600.0,2022-07-19 01:00:00,0.74
1658268000.0,2022-07-20 01:00:00,0.767
1658354400.0,2022-07-21 01:00:00,0.754
1658440800.0,2022-07-22 01:00:00,0.757
1658527200.0,2022-07-23 01:00:00,0.778
1658613600.0,2022-07-24 01:00:00,0.791
1658700000.0,2022-07-25 01:00:00,0.79
1658786400.0,2022-07-26 01:00:00,0.791
1658872800.0,2022-07-27 01:00:00,0.779
1658959200.0,2022-07-28 01:00:00,0.782
1659045600.0,2022-07-29 01:00:00,0.791
1659132000.0,2022-07-30 01:00:00,0.808
1659218400.0,2022-07-31 01:00:00,0.817
1659304800.0,2022-08-01 01:00:00,0.819
1659391200.0,2022-08-02 01:00:00,0.821
1659477600.0,2022-08-03 01:00:00,0.822
1659564000.0,2022-08-04 01:00:00,0.812
1659650400.0,2022-08-05 01:00:00,0.815
1659736800.0,2022-08-06 01:00:00,0.821
1659823200.0,2022-08-07 01:00:00,0.82
1659909600.0,2022-08-08 01:00:00,0.807
1659996000.0,2022-08-09 01:00:00,0.781
1660082400.0,2022-08-10 01:00:00,0.81
1660168800.0,2022-08-11 01:00:00,0.806
1660255200.0,2022-08-12 01:00:00,0.805
1660341600.0,2022-08-13 01:00:00,0.789
1660428000.0,2022-08-14 01:00:00,0.786
1660514400.0,2022-08-15 01:00:00,0.782
1660600800.0,2022-08-16 01:00:00,0.793
1660687200.0,2022-08-17 01:00:00,0.777
1660773600.0,2022-08-18 01:00:00,0.777
1660860000.0,2022-08-19 01:00:00,0.768
1660946400.0,2022-08-20 01:00:00,0.771
1661032800.0,2022-08-21 01:00:00,0.756
1661119200.0,2022-08-22 01:00:00,0.759
1661205600.0,2022-08-23 01:00:00,0.745
1661292000.0,2022-08-24 01:00:00,0.729
1661378400.0,2022-08-25 01:00:00,0.742
1661464800.0,2022-08-26 01:00:00,0.741
1661551200.0,2022-08-27 01:00:00,0.742
1661637600.0,2022-08-28 01:00:00,0.747
1661724000.0,2022-08-29 01:00:00,0.735
1661810400.0,2022-08-30 01:00:00,0.734
1661896800.0,2022-08-31 01:00:00,0.752
1661983200.0,2022-09-01 01:00:00,0.758
1662069600.0,2022-09-02 01:00:00,0.747
1662156000.0,2022-09-03 01:00:00,0.785
1662242400.0,2022-09-04 01:00:00,0.791
1662328800.0,2022-09-05 01:00:00,0.788
1662415200.0,2022-09-06 01:00:00,0.786
1662501600.0,2022-09-07 01:00:00,0.772
1662588000.0,2022-09-08 01:00:00,0.781
1662674400.0,2022-09-09 01:00:00,0.767
1662760800.0,2022-09-10 01:00:00,0.776
1662847200.0,2022-09-11 01:00:00,0.761
1662933600.0,2022-09-12 01:00:00,0.737
1663020000.0,2022-09-13 01:00:00,0.747
1663106400.0,2022-09-14 01:00:00,0.746
1663192800.0,2022-09-15 01:00:00,0.755
1663279200.0,2022-09-16 01:00:00,0.777
1663365600.0,2022-09-17 01:00:00,0.755
1663452000.0,2022-09-18 01:00:00,0.741
1663538400.0,2022-09-19 01:00:00,0.739
1663624800.0,2022-09-20 01:00:00,0.726
1663711200.0,2022-09-21 01:00:00,0.723
1663797600.0,2022-09-22 01:00:00,0.704
1663884000.0,2022-09-23 01:00:00,0.696
1663970400.0,2022-09-24 01:00:00,0.697
1664056800.0,2022-09-25 01:00:00,0.69
1664143200.0,2022-09-26 01:00:00,0.678
1664229600.0,2022-09-27 01:00:00,0.665
1664316000.0,2022-09-28 01:00:00,0.68
1664402400.0,2022-09-29 01:00:00,0.699
1664488800.0,2022-09-30 01:00:00,0.708
1664575200.0,2022-10-01 01:00:00,0.712
1664661600.0,2022-10-02 01:00:00,0.691
1664748000.0,2022-10-03 01:00:00,0.701
1664834400.0,2022-10-04 01:00:00,0.696
1664920800.0,2022-10-05 01:00:00,0.704
1665007200.0,2022-10-06 01:00:00,0.702
1665093600.0,2022-10-07 01:00:00,0.722
1665180000.0,2022-10-08 01:00:00,0.715
1665266400.0,2022-10-09 01:00:00,0.711
1665352800.0,2022-10-10 01:00:00,0.725
1665439200.0,2022-10-11 01:00:00,0.709
1665525600.0,2022-10-12 01:00:00,0.702
1665612000.0,2022-10-13 01:00:00,0.701
1665698400.0,2022-10-14 01:00:00,0.691
1665784800.0,2022-10-15 01:00:00,0.714
1665871200.0,2022-10-16 01:00:00,0.72
1665957600.0,2022-10-17 01:00:00,0.722
1666044000.0,2022-10-18 01:00:00,0.709
1666130400.0,2022-10-19 01:00:00,0.726
1666216800.0,2022-10-20 01:00:00,0.725
1666303200.0,2022-10-21 01:00:00,0.732
1666389600.0,2022-10-22 01:00:00,0.704
1666476000.0,2022-10-23 01:00:00,0.693
1666562400.0,2022-10-24 01:00:00,0.69
1666648800.0,2022-10-25 01:00:00,0.679
1666735200.0,2022-10-26 01:00:00,0.683
1666821600.0,2022-10-27 01:00:00,0.678
1666908000.0,2022-10-28 01:00:00,0.687
1666994400.0,2022-10-29 01:00:00,0.68
1667080800.0,2022-10-30 01:00:00,0.657
1667167200.0,2022-10-31 01:00:00,0.655
1667253600.0,2022-11-01 01:00:00,0.654
1667340000.0,2022-11-02 01:00:00,0.648
1667426400.0,2022-11-03 01:00:00,0.676
1667512800.0,2022-11-04 01:00:00,0.691
1667599200.0,2022-11-05 01:00:00,0.702
1667685600.0,2022-11-06 01:00:00,0.686
1667772000.0,2022-11-07 01:00:00,0.672
1667858400.0,2022-11-08 01:00:00,0.676
1667944800.0,2022-11-09 01:00:00,0.672
1668031200.0,2022-11-10 01:00:00,0.68
1668117600.0,2022-11-11 01:00:00,0.702
1668204000.0,2022-11-12 01:00:00,0.681
1668290400.0,2022-11-13 01:00:00,0.687
1668376800.0,2022-11-14 01:00:00,0.678
1668463200.0,2022-11-15 01:00:00,0.662
1668549600.0,2022-11-16 01:00:00,0.666
1668636000.0,2022-11-17 01:00:00,0.665
1668722400.0,2022-11-18 01:00:00,0.639
1668808800.0,2022-11-19 01:00:00,0.612
1668895200.0,2022-11-20 01:00:00,0.584
1668981600.0,2022-11-21 01:00:00,0.566
1669068000.0,2022-11-22 01:00:00,0.572
1669154400.0,2022-11-23 01:00:00,0.553
1669240800.0,2022-11-24 01:00:00,0.553
1669327200.0,2022-11-25 01:00:00,0.563
1669413600.0,2022-11-26 01:00:00,0.585
1669500000.0,2022-11-27 01:00:00,0.583
1669586400.0,2022-11-28 01:00:00,0.566
1669672800.0,2022-11-29 01:00:00,0.577
1669759200.0,2022-11-30 01:00:00,0.589
1669845600.0,2022-12-01 01:00:00,0.576
1669932000.0,2022-12-02 01:00:00,0.629
1670018400.0,2022-12-03 01:00:00,0.628
1670104800.0,2022-12-04 01:00:00,0.64
1670191200.0,2022-12-05 01:00:00,0.626
1670277600.0,2022-12-06 01:00:00,0.618
1670364000.0,2022-12-07 01:00:00,0.631
1670450400.0,2022-12-08 01:00:00,0.62
1670536800.0,2022-12-09 01:00:00,0.641
1670623200.0,2022-12-10 01:00:00,0.645
1670709600.0,2022-12-11 01:00:00,0.64
1670796000.0,2022-12-12 01:00:00,0.643
1670882400.0,2022-12-13 01:00:00,0.629
1670968800.0,2022-12-14 01:00:00,0.63
1671055200.0,2022-12-15 01:00:00,0.659
1671141600.0,2022-12-16 01:00:00,0.657
1671228000.0,2022-12-17 01:00:00,0.658
1671314400.0,2022-12-18 01:00:00,0.651
1671400800.0,2022-12-19 01:00:00,0.659
1671487200.0,2022-12-20 01:00:00,0.644
1671573600.0,2022-12-21 01:00:00,0.653
1671660000.0,2022-12-22 01:00:00,0.661
1671746400.0,2022-12-23 01:00:00,0.661
1671832800.0,2022-12-24 01:00:00,0.676
1671919200.0,2022-12-25 01:00:00,0.674
1672005600.0,2022-12-26 01:00:00,0.66
1672092000.0,2022-12-27 01:00:00,0.666
1672178400.0,2022-12-28 01:00:00,0.665
1672264800.0,2022-12-29 01:00:00,0.686
1672351200.0,2022-12-30 01:00:00,0.691
1672437600.0,2022-12-31 01:00:00,0.699
1672524000.0,2023-01-01 01:00:00,0.707
1672610400.0,2023-01-02 01:00:00,0.697
1672696800.0,2023-01-03 01:00:00,0.676
1672783200.0,2023-01-04 01:00:00,0.697
1672869600.0,2023-01-05 01:00:00,0.7
1672956000.0,2023-01-06 01:00:00,0.718
1673042400.0,2023-01-07 01:00:00,0.706
1673128800.0,2023-01-08 01:00:00,0.717
1673215200.0,2023-01-09 01:00:00,0.723
1673301600.0,2023-01-10 01:00:00,0.74
1673388000.0,2023-01-11 01:00:00,0.752
1673474400.0,2023-01-12 01:00:00,0.768
1673560800.0,2023-01-13 01:00:00,0.77
1673647200.0,2023-01-14 01:00:00,0.765
1673733600.0,2023-01-15 01:00:00,0.77
1673820000.0,2023-01-16 01:00:00,0.804
1673906400.0,2023-01-17 01:00:00,0.775
1673992800.0,2023-01-18 01:00:00,0.8
1674079200.0,2023-01-19 01:00:00,0.809
1674165600.0,2023-01-20 01:00:00,0.813
1674252000.0,2023-01-21 01:00:00,0.828
1674338400.0,2023-01-22 01:00:00,0.834
1674424800.0,2023-01-23 01:00:00,0.829
1674511200.0,2023-01-24 01:00:00,0.83
1674597600.0,2023-01-25 01:00:00,0.826
1674684000.0,2023-01-26 01:00:00,0.828
1674770400.0,2023-01-27 01:00:00,0.829
1674856800.0,2023-01-28 01:00:00,0.852
1674943200.0,2023-01-29 01:00:00,0.843
1675029600.0,2023-01-30 01:00:00,0.838
1675116000.0,2023-01-31 01:00:00,0.839
1675202400.0,2023-02-01 01:00:00,0.839
1675288800.0,2023-02-02 01:00:00,0.837
1675375200.0,2023-02-03 01:00:00,0.843
1675461600.0,2023-02-04 01:00:00,0.852
1675548000.0,2023-02-05 01:00:00,0.874
1675634400.0,2023-02-06 01:00:00,0.885
1675720800.0,2023-02-07 01:00:00,0.885
1675807200.0,2023-02-08 01:00:00,0.898
1675893600.0,2023-02-09 01:00:00,0.903
1675980000.0,2023-02-10 01:00:00,0.906
1676066400.0,2023-02-11 01:00:00,0.924
1676152800.0,2023-02-12 01:00:00,0.917
1676239200.0,2023-02-13 01:00:00,0.917
1676325600.0,2023-02-14 01:00:00,0.917
1676412000.0,2023-02-15 01:00:00,0.926
1676498400.0,2023-02-16 01:00:00,0.937
1676584800.0,2023-02-17 01:00:00,0.943
1676671200.0,2023-02-18 01:00:00,0.932
1676757600.0,2023-02-19 01:00:00,0.938
1676844000.0,2023-02-20 01:00:00,0.94
1676930400.0,2023-02-21 01:00:00,0.966
1677016800.0,2023-02-22 01:00:00,0.962
1677103200.0,2023-02-23 01:00:00,0.981
1677189600.0,2023-02-24 01:00:00,0.988
1677276000.0,2023-02-25 01:00:00,0.994
1677362400.0,2023-02-26 01:00:00,0.988
1677448800.0,2023-02-27 01:00:00,0.969
1677535200.0,2023-02-28 01:00:00,1.001
1677621600.0,2023-03-01 01:00:00,1.035
1677708000.0,2023-03-02 01:00:00,1.051
1677794400.0,2023-03-03 01:00:00,1.066
1677880800.0,2023-03-04 01:00:00,1.104
1677967200.0,2023-03-05 01:00:00,1.123
1678053600.0,2023-03-06 01:00:00,1.123
1678140000.0,2023-03-07 01:00:00,1.094
1678226400.0,2023-03-08 01:00:00,1.084
1678312800.0,2023-03-09 01:00:00,1.124
1678399200.0,2023-03-10 01:00:00,1.124
1678485600.0,2023-03-11 01:00:00,1.127
1678572000.0,2023-03-12 01:00:00,1.134
1678658400.0,2023-03-13 01:00:00,1.125
1678744800.0,2023-03-14 01:00:00,1.151
1678831200.0,2023-03-15 01:00:00,1.129
1678917600.0,2023-03-16 01:00:00,1.141
1679004000.0,2023-03-17 01:00:00,1.122
1679090400.0,2023-03-18 01:00:00,1.117
1679176800.0,2023-03-19 01:00:00,1.102
1679263200.0,2023-03-20 01:00:00,1.087
1679349600.0,2023-03-21 01:00:00,1.099
1679436000.0,2023-03-22 01:00:00,1.101
1679522400.0,2023-03-23 01:00:00,1.24
1679608800.0,2023-03-24 01:00:00,1.415
1679695200.0,2023-03-25 01:00:00,1.549
1679781600.0,2023-03-26 01:00:00,1.478
1679868000.0,2023-03-27 01:00:00,1.496
1679954400.0,2023-03-28 01:00:00,1.566
1680040800.0,2023-03-29 01:00:00,1.559
1680127200.0,2023-03-30 01:00:00,1.742
1680213600.0,2023-03-31 01:00:00,1.978
1680300000.0,2023-04-01 01:00:00,2.029
1680386400.0,2023-04-02 01:00:00,2.02
1680472800.0,2023-04-03 01:00:00,1.902
1680559200.0,2023-04-04 01:00:00,1.888
1680645600.0,2023-04-05 01:00:00,2.044
1680732000.0,2023-04-06 01:00:00,2.046
1680818400.0,2023-04-07 01:00:00,2.202
1680904800.0,2023-04-08 01:00:00,2.436
1680991200.0,2023-04-09 01:00:00,2.345
1681077600.0,2023-04-10 01:00:00,2.239
1681164000.0,2023-04-11 01:00:00,2.232
1681250400.0,2023-04-12 01:00:00,2.234
1681336800.0,2023-04-13 01:00:00,2.18
1681423200.0,2023-04-14 01:00:00,2.339
1681509600.0,2023-04-15 01:00:00,2.51
1681596000.0,2023-04-16 01:00:00,2.715
1681682400.0,2023-04-17 01:00:00,2.686
1681768800.0,2023-04-18 01:00:00,2.735
1681855200.0,2023-04-19 01:00:00,2.653
1681941600.0,2023-04-20 01:00:00,2.456
1682028000.0,2023-04-21 01:00:00,2.367
1682114400.0,2023-04-22 01:00:00,2.287
1682200800.0,2023-04-23 01:00:00,2.072
1682287200.0,2023-04-24 01:00:00,2.023
1682373600.0,2023-04-25 01:00:00,1.914
1682460000.0,2023-04-26 01:00:00,1.83
1682546400.0,2023-04-27 01:00:00,1.99
1682632800.0,2023-04-28 01:00:00,2.134
1682719200.0,2023-04-29 01:00:00,2.268
1682805600.0,2023-04-30 01:00:00,2.247
1682892000.0,2023-05-01 01:00:00,2.167
1682978400.0,2023-05-02 01:00:00,2.177
1683064800.0,2023-05-03 01:00:00,2.216
1683151200.0,2023-05-04 01:00:00,2.226
1683237600.0,2023-05-05 01:00:00,2.132
1683324000.0,2023-05-06 01:00:00,2.188
1683410400.0,2023-05-07 01:00:00,2.138
1683496800.0,2023-05-08 01:00:00,2.054
1683583200.0,2023-05-09 01:00:00,2.084
1683669600.0,2023-05-10 01:00:00,2.112
1683756000.0,2023-05-11 01:00:00,2.203
1683842400.0,2023-05-12 01:00:00,2.209
1683928800.0,2023-05-13 01:00:00,2.24
1684015200.0,2023-05-14 01:00:00,2.23
1684101600.0,2023-05-15 01:00:00,2.259
1684188000.0,2023-05-16 01:00:00,2.283
1684274400.0,2023-05-17 01:00:00,2.23
1684360800.0,2023-05-18 01:00:00,2.242
1684447200.0,2023-05-19 01:00:00,2.263
1684533600.0,2023-05-20 01:00:00,2.277
1684620000.0,2023-05-21 01:00:00,2.241
1684706400.0,2023-05-22 01:00:00,2.243
1684792800.0,2023-05-23 01:00:00,2.265
1684879200.0,2023-05-24 01:00:00,2.283
1684965600.0,2023-05-25 01:00:00,2.335
1685052000.0,2023-05-26 01:00:00,2.384
1685138400.0,2023-05-27 01:00:00,2.375
1685224800.0,2023-05-28 01:00:00,2.339
1685311200.0,2023-05-29 01:00:00,2.411
1685397600.0,2023-05-30 01:00:00,2.463
1685484000.0,2023-05-31 01:00:00,2.393
1685570400.0,2023-06-01 01:00:00,2.523
1685656800.0,2023-06-02 01:00:00,2.545
1685743200.0,2023-06-03 01:00:00,2.644
1685829600.0,2023-06-04 01:00:00,2.645
1685916000.0,2023-06-05 01:00:00,2.649
1686002400.0,2023-06-06 01:00:00,2.607
1686088800.0,2023-06-07 01:00:00,2.616
1686175200.0,2023-06-08 01:00:00,2.64
1686261600.0,2023-06-09 01:00:00,2.662
1686348000.0,2023-06-10 01:00:00,2.678
1686434400.0,2023-06-11 01:00:00,2.66
1686520800.0,2023-06-12 01:00:00,2.617
1686607200.0,2023-06-13 01:00:00,2.596
1686693600.0,2023-06-14 01:00:00,2.592
1686780000.0,2023-06-15 01:00:00,2.617
1686866400.0,2023-06-16 01:00:00,2.656
1686952800.0,2023-06-17 01:00:00,2.662
1687039200.0,2023-06-18 01:00:00,2.613
1687125600.0,2023-06-19 01:00:00,2.633
1687212000.0,2023-06-20 01:00:00,2.513
1687298400.0,2023-06-21 01:00:00,2.544
1687384800.0,2023-06-22 01:00:00,2.518
1687471200.0,2023-06-23 01:00:00,2.49
1687557600.0,2023-06-24 01:00:00,2.52
1687644000.0,2023-06-25 01:00:00,2.493
1687730400.0,2023-06-26 01:00:00,2.495
1687816800.0,2023-06-27 01:00:00,2.458
1687903200.0,2023-06-28 01:00:00,2.436
1687989600.0,2023-06-29 01:00:00,2.392
1688076000.0,2023-06-30 01:00:00,2.214
1688162400.0,2023-07-01 01:00:00,2.268
1688248800.0,2023-07-02 01:00:00,2.181
1688335200.0,2023-07-03 01:00:00,2.166
1688421600.0,2023-07-04 01:00:00,2.193
1688508000.0,2023-07-05 01:00:00,2.203
1688594400.0,2023-07-06 01:00:00,2.172
1688680800.0,2023-07-07 01:00:00,2.195
1688767200.0,2023-07-08 01:00:00,2.154
1688853600.0,2023-07-09 01:00:00,2.135
1688940000.0,2023-07-10 01:00:00,2.171
1689026400.0,2023-07-11 01:00:00,2.158
1689112800.0,2023-07-12 01:00:00,2.145
1689199200.0,2023-07-13 01:00:00,2.211
1689285600.0,2023-07-14 01:00:00,2.297
1689372000.0,2023-07-15 01:00:00,2.379
1689458400.0,2023-07-16 01:00:00,2.426
1689544800.0,2023-07-17 01:00:00,2.438
1689631200.0,2023-07-18 01:00:00,2.428
1689717600.0,2023-07-19 01:00:00,2.455
1689804000.0,2023-07-20 01:00:00,2.482
1689890400.0,2023-07-21 01:00:00,2.495
1689976800.0,2023-07-22 01:00:00,2.609
1690063200.0,2023-07-23 01:00:00,2.57
1690149600.0,2023-07-24 01:00:00,2.664
1690236000.0,2023-07-25 01:00:00,2.686
1690322400.0,2023-07-26 01:00:00,2.752
1690408800.0,2023-07-27 01:00:00,2.801
1690495200.0,2023-07-28 01:00:00,2.77
1690581600.0,2023-07-29 01:00:00,2.813
1690668000.0,2023-07-30 01:00:00,2.83
1690754400.0,2023-07-31 01:00:00,2.869
1690840800.0,2023-08-01 01:00:00,2.851
1690927200.0,2023-08-02 01:00:00,2.815
1691013600.0,2023-08-03 01:00:00,2.761
1691100000.0,2023-08-04 01:00:00,2.758
1691186400.0,2023-08-05 01:00:00,2.754
1691272800.0,2023-08-06 01:00:00,2.692
1691359200.0,2023-08-07 01:00:00,2.685
1691445600.0,2023-08-08 01:00:00,2.63
1691532000.0,2023-08-09 01:00:00,2.649
1691618400.0,2023-08-10 01:00:00,2.607
1691704800.0,2023-08-11 01:00:00,2.548
1691791200.0,2023-08-12 01:00:00,2.622
1691877600.0,2023-08-13 01:00:00,2.509
1691964000.0,2023-08-14 01:00:00,2.515
1692050400.0,2023-08-15 01:00:00,2.543
1692136800.0,2023-08-16 01:00:00,2.449
1692223200.0,2023-08-17 01:00:00,2.524
1692309600.0,2023-08-18 01:00:00,2.563
1692396000.0,2023-08-19 01:00:00,2.524
1692482400.0,2023-08-20 01:00:00,2.536
1692568800.0,2023-08-21 01:00:00,2.48
1692655200.0,2023-08-22 01:00:00,2.493
1692741600.0,2023-08-23 01:00:00,2.427
1692828000.0,2023-08-24 01:00:00,2.49
1692914400.0,2023-08-25 01:00:00,2.525
1693000800.0,2023-08-26 01:00:00,2.497
1693087200.0,2023-08-27 01:00:00,2.438
1693173600.0,2023-08-28 01:00:00,2.4
1693260000.0,2023-08-29 01:00:00,2.399
1693346400.0,2023-08-30 01:00:00,2.421
1693432800.0,2023-08-31 01:00:00,2.381
1693519200.0,2023-09-01 01:00:00,2.459
1693605600.0,2023-09-02 01:00:00,2.468
1693692000.0,2023-09-03 01:00:00,2.495
1693778400.0,2023-09-04 01:00:00,2.545
1693864800.0,2023-09-05 01:00:00,2.428
1693951200.0,2023-09-06 01:00:00,2.403
1694037600.0,2023-09-07 01:00:00,2.421
1694124000.0,2023-09-08 01:00:00,2.449
1694210400.0,2023-09-09 01:00:00,2.491
1694296800.0,2023-09-10 01:00:00,2.488
1694383200.0,2023-09-11 01:00:00,2.481
1694469600.0,2023-09-12 01:00:00,2.558
1694556000.0,2023-09-13 01:00:00,2.523
1694642400.0,2023-09-14 01:00:00,2.566
1694728800.0,2023-09-15 01:00:00,2.585
1694815200.0,2023-09-16 01:00:00,2.588
1694901600.0,2023-09-17 01:00:00,2.575
1694988000.0,2023-09-18 01:00:00,2.562
1695074400.0,2023-09-19 01:00:00,2.585
1695160800.0,2023-09-20 01:00:00,2.611
1695247200.0,2023-09-21 01:00:00,2.605
1695333600.0,2023-09-22 01:00:00,2.618
1695420000.0,2023-09-23 01:00:00,2.612
1695506400.0,2023-09-24 01:00:00,2.598
1695592800.0,2023-09-25 01:00:00,2.629
1695679200.0,2023-09-26 01:00:00,2.605
1695765600.0,2023-09-27 01:00:00,2.671
1695852000.0,2023-09-28 01:00:00,2.746
1695938400.0,2023-09-29 01:00:00,2.781
1696024800.0,2023-09-30 01:00:00,2.785
1696111200.0,2023-10-01 01:00:00,2.814
1696197600.0,2023-10-02 01:00:00,2.807
1696284000.0,2023-10-03 01:00:00,2.776
1696370400.0,2023-10-04 01:00:00,2.777
1696456800.0,2023-10-05 01:00:00,2.805
1696543200.0,2023-10-06 01:00:00,2.83
1696629600.0,2023-10-07 01:00:00,2.865
1696716000.0,2023-10-08 01:00:00,2.818
1696802400.0,2023-10-09 01:00:00,2.806
1696888800.0,2023-10-10 01:00:00,2.788
1696975200.0,2023-10-11 01:00:00,2.783
1697061600.0,2023-10-12 01:00:00,2.817
1697148000.0,2023-10-13 01:00:00,2.831
1697234400.0,2023-10-14 01:00:00,2.821
1697320800.0,2023-10-15 01:00:00,2.77
1697407200.0,2023-10-16 01:00:00,2.778
1697493600.0,2023-10-17 01:00:00,2.76
1697580000.0,2023-10-18 01:00:00,2.752
1697666400.0,2023-10-19 01:00:00,2.761
1697752800.0,2023-10-20 01:00:00,2.781
1697839200.0,2023-10-21 01:00:00,2.762
1697925600.0,2023-10-22 01:00:00,2.73
1698012000.0,2023-10-23 01:00:00,2.684
1698098400.0,2023-10-24 01:00:00,2.719
1698184800.0,2023-10-25 01:00:00,2.716
1698271200.0,2023-10-26 01:00:00,2.69
1698357600.0,2023-10-27 01:00:00,2.652
1698444000.0,2023-10-28 01:00:00,2.636
1698530400.0,2023-10-29 01:00:00,2.566
1698616800.0,2023-10-30 01:00:00,2.552
1698703200.0,2023-10-31 01:00:00,2.521
1698789600.0,2023-11-01 01:00:00,2.512
1698876000.0,2023-11-02 01:00:00,2.49
1698962400.0,2023-11-03 01:00:00,2.528
1699048800.0,2023-11-04 01:00:00,2.583
1699135200.0,2023-11-05 01:00:00,2.558
1699221600.0,2023-11-06 01:00:00,2.559
1699308000.0,2023-11-07 01:00:00,2.548
1699394400.0,2023-11-08 01:00:00,2.55
1699480800.0,2023-11-09 01:00:00,2.516
1699567200.0,2023-11-10 01:00:00,2.487
1699653600.0,2023-11-11 01:00:00,2.466
1699740000.0,2023-11-12 01:00:00,2.414
1699826400.0,2023-11-13 01:00:00,2.35
1699912800.0,2023-11-14 01:00:00,2.344
1699999200.0,2023-11-15 01:00:00,2.307
1700085600.0,2023-11-16 01:00:00,2.128
1700172000.0,2023-11-17 01:00:00,2.115
1700258400.0,2023-11-18 01:00:00,2.136
1700344800.0,2023-11-19 01:00:00,2.162
1700431200.0,2023-11-20 01:00:00,2.145
1700517600.0,2023-11-21 01:00:00,2.126
1700604000.0,2023-11-22 01:00:00,2.062
1700690400.0,2023-11-23 01:00:00,2.069
1700776800.0,2023-11-24 01:00:00,2.073
1700863200.0,2023-11-25 01:00:00,2.041
1700949600.0,2023-11-26 01:00:00,2.079
1701036000.0,2023-11-27 01:00:00,2.09
1701122400.0,2023-11-28 01:00:00,2.093
1701208800.0,2023-11-29 01:00:00,2.122
1701295200.0,2023-11-30 01:00:00,2.187
1701381600.0,2023-12-01 01:00:00,2.236
1701468000.0,2023-12-02 01:00:00,2.271
1701554400.0,2023-12-03 01:00:00,2.271
1701640800.0,2023-12-04 01:00:00,2.238
1701727200.0,2023-12-05 01:00:00,2.21
1701813600.0,2023-12-06 01:00:00,2.217
1701900000.0,2023-12-07 01:00:00,2.225
1701986400.0,2023-12-08 01:00:00,2.261
1702072800.0,2023-12-09 01:00:00,2.277
1702159200.0,2023-12-10 01:00:00,2.27
1702245600.0,2023-12-11 01:00:00,2.276
1702332000.0,2023-12-12 01:00:00,2.272
1702418400.0,2023-12-13 01:00:00,2.23
1702504800.0,2023-12-14 01:00:00,2.288
1702591200.0,2023-12-15 01:00:00,2.228
1702677600.0,2023-12-16 01:00:00,2.24
1702764000.0,2023-12-17 01:00:00,2.232
1702850400.0,2023-12-18 01:00:00,2.228
1702936800.0,2023-12-19 01:00:00,2.225
1703023200.0,2023-12-20 01:00:00,2.183
1703109600.0,2023-12-21 01:00:00,2.176
1703196000.0,2023-12-22 01:00:00,2.15
1703282400.0,2023-12-23 01:00:00,2.13
1703368800.0,2023-12-24 01:00:00,2.115
1703455200.0,2023-12-25 01:00:00,2.139
1703541600.0,2023-12-26 01:00:00,2.148
1703628000.0,2023-12-27 01:00:00,2.106
1703714400.0,2023-12-28 01:00:00,2.22
1703800800.0,2023-12-29 01:00:00,2.267
1703887200.0,2023-12-30 01:00:00,2.215
1703973600.0,2023-12-31 01:00:00,2.215
1704060000.0,2024-01-01 01:00:00,2.214
1704146400.0,2024-01-02 01:00:00,2.166
1704232800.0,2024-01-03 01:00:00,2.166
1704319200.0,2024-01-04 01:00:00,2.145
1704405600.0,2024-01-05 01:00:00,2.208
1704492000.0,2024-01-06 01:00:00,2.216
1704578400.0,2024-01-07 01:00:00,2.199
1704664800.0,2024-01-08 01:00:00,2.18
1704751200.0,2024-01-09 01:00:00,2.148
1704837600.0,2024-01-10 01:00:00,2.129
1704924000.0,2024-01-11 01:00:00,2.16
1705010400.0,2024-01-12 01:00:00,2.229
1705096800.0,2024-01-13 01:00:00,2.286
1705183200.0,2024-01-14 01:00:00,2.247
1705269600.0,2024-01-15 01:00:00,2.272
1705356000.0,2024-01-16 01:00:00,2.247
1705442400.0,2024-01-17 01:00:00,2.282
1705528800.0,2024-01-18 01:00:00,2.238
1705615200.0,2024-01-19 01:00:00,2.213
1705701600.0,2024-01-20 01:00:00,2.181
1705788000.0,2024-01-21 01:00:00,2.11
1705874400.0,2024-01-22 01:00:00,2.08
1705960800.0,2024-01-23 01:00:00,2.022
1706047200.0,2024-01-24 01:00:00,2.005
1706133600.0,2024-01-25 01:00:00,2.012
1706220000.0,2024-01-26 01:00:00,2.041
1706306400.0,2024-01-27 01:00:00,2.007
1706392800.0,2024-01-28 01:00:00,2.02
1706479200.0,2024-01-29 01:00:00,1.968
1706565600.0,2024-01-30 01:00:00,2.03
1706652000.0,2024-01-31 01:00:00,2.098
1706738400.0,2024-02-01 01:00:00,2.048
1706824800.0,2024-02-02 01:00:00,2.1
1706911200.0,2024-02-03 01:00:00,2.144
1706997600.0,2024-02-04 01:00:00,2.116
1707084000.0,2024-02-05 01:00:00,2.102
1707170400.0,2024-02-06 01:00:00,2.095
1707256800.0,2024-02-07 01:00:00,2.024
1707343200.0,2024-02-08 01:00:00,2.004
1707429600.0,2024-02-09 01:00:00,2.064
1707516000.0,2024-02-10 01:00:00,2.079
1707602400.0,2024-02-11 01:00:00,2.081
1707688800.0,2024-02-12 01:00:00,2.112
1707775200.0,2024-02-13 01:00:00,2.107
1707861600.0,2024-02-14 01:00:00,2.082
1707948000.0,2024-02-15 01:00:00,2.103
1708034400.0,2024-02-16 01:00:00,2.116
1708120800.0,2024-02-17 01:00:00,2.12
1708207200.0,2024-02-18 01:00:00,2.103
1708293600.0,2024-02-19 01:00:00,2.054
1708380000.0,2024-02-20 01:00:00,2.072
1708466400.0,2024-02-21 01:00:00,2.041
1708552800.0,2024-02-22 01:00:00,2.008
1708639200.0,2024-02-23 01:00:00,2.074
1708725600.0,2024-02-24 01:00:00,2.082
1708812000.0,2024-02-25 01:00:00,2.054
1708898400.0,2024-02-26 01:00:00,2.065
1708984800.0,2024-02-27 01:00:00,2.045
1709071200.0,2024-02-28 01:00:00,2.032
1709157600.0,2024-02-29 01:00:00,2.107
1709244000.0,2024-03-01 01:00:00,2.121
1709330400.0,2024-03-02 01:00:00,2.154
1709416800.0,2024-03-03 01:00:00,2.172
1709503200.0,2024-03-04 01:00:00,2.176
1709589600.0,2024-03-05 01:00:00,2.226
1709676000.0,2024-03-06 01:00:00,2.196
1709762400.0,2024-03-07 01:00:00,2.227
1709848800.0,2024-03-08 01:00:00,2.18
1709935200.0,2024-03-09 01:00:00,2.193
1710021600.0,2024-03-10 01:00:00,2.205
1710108000.0,2024-03-11 01:00:00,2.184
1710194400.0,2024-03-12 01:00:00,2.137
1710280800.0,2024-03-13 01:00:00,2.103
1710367200.0,2024-03-14 01:00:00,2.013
1710453600.0,2024-03-15 01:00:00,2.037
1710540000.0,2024-03-16 01:00:00,2.019
1710626400.0,2024-03-17 01:00:00,1.99
1710712800.0,2024-03-18 01:00:00,1.992
1710799200.0,2024-03-19 01:00:00,2.02
1710885600.0,2024-03-20 01:00:00,2.043
1710972000.0,2024-03-21 01:00:00,2.036
1711058400.0,2024-03-22 01:00:00,2.106
1711144800.0,2024-03-23 01:00:00,2.095
1711231200.0,2024-03-24 01:00:00,2.157
1711317600.0,2024-03-25 01:00:00,2.157
1711404000.0,2024-03-26 01:00:00,2.165
1711490400.0,2024-03-27 01:00:00,2.172
1711576800.0,2024-03-28 01:00:00,2.224
1711663200.0,2024-03-29 01:00:00,2.222
1711749600.0,2024-03-30 01:00:00,2.261
1711836000.0,2024-03-31 01:00:00,2.281
1711922400.0,2024-04-01 01:00:00,2.239
1712008800.0,2024-04-02 01:00:00,2.331
1712095200.0,2024-04-03 01:00:00,2.368
1712181600.0,2024-04-04 01:00:00,2.4
1712268000.0,2024-04-05 01:00:00,2.48
1712354400.0,2024-04-06 01:00:00,2.537
1712440800.0,2024-04-07 01:00:00,2.564
1712527200.0,2024-04-08 01:00:00,2.578
1712613600.0,2024-04-09 01:00:00,2.544
1712700000.0,2024-04-10 01:00:00,2.546
1712786400.0,2024-04-11 01:00:00,2.558
1712872800.0,2024-04-12 01:00:00,2.624
1712959200.0,2024-04-13 01:00:00,2.535
1713045600.0,2024-04-14 01:00:00,2.515
1713132000.0,2024-04-15 01:00:00,2.556
1713218400.0,2024-04-16 01:00:00,2.549
1713304800.0,2024-04-17 01:00:00,2.465
1713391200.0,2024-04-18 01:00:00,2.548
1713477600.0,2024-04-19 01:00:00,2.56
1713564000.0,2024-04-20 01:00:00,2.566
1713650400.0,2024-04-21 01:00:00,2.497
1713736800.0,2024-04-22 01:00:00,2.501
1713823200.0,2024-04-23 01:00:00,2.49
1713909600.0,2024-04-24 01:00:00,2.491
1713996000.0,2024-04-25 01:00:00,2.514
1714082400.0,2024-04-26 01:00:00,2.492
1714168800.0,2024-04-27 01:00:00,2.447
1714255200.0,2024-04-28 01:00:00,2.42
1714341600.0,2024-04-29 01:00:00,2.376
1714428000.0,2024-04-30 01:00:00,2.429
1714514400.0,2024-05-01 01:00:00,2.474
1714600800.0,2024-05-02 01:00:00,2.484
1714687200.0,2024-05-03 01:00:00,2.532
1714773600.0,2024-05-04 01:00:00,2.515
1714860000.0,2024-05-05 01:00:00,2.5
1714946400.0,2024-05-06 01:00:00,2.546
1715032800.0,2024-05-07 01:00:00,2.544
1715119200.0,2024-05-08 01:00:00,2.532
1715205600.0,2024-05-09 01:00:00,2.543
1715292000.0,2024-05-10 01:00:00,2.616
1715378400.0,2024-05-11 01:00:00,2.62
1715464800.0,2024-05-12 01:00:00,2.569
1715551200.0,2024-05-13 01:00:00,2.542
1715637600.0,2024-05-14 01:00:00,2.57
1715724000.0,2024-05-15 01:00:00,2.535
1715810400.0,2024-05-16 01:00:00,2.516
1715896800.0,2024-05-17 01:00:00,2.504
1715983200.0,2024-05-18 01:00:00,2.506
1716069600.0,2024-05-19 01:00:00,2.479
1716156000.0,2024-05-20 01:00:00,2.522
1716242400.0,2024-05-21 01:00:00,2.504
1716328800.0,2024-05-22 01:00:00,2.414
1716415200.0,2024-05-23 01:00:00,2.377
1716501600.0,2024-05-24 01:00:00,2.384
1716588000.0,2024-05-25 01:00:00,2.435
1716674400.0,2024-05-26 01:00:00,2.437
1716760800.0,2024-05-27 01:00:00,2.5
1716847200.0,2024-05-28 01:00:00,2.498
1716933600.0,2024-05-29 01:00:00,2.417
1717020000.0,2024-05-30 01:00:00,2.476
1717106400.0,2024-05-31 01:00:00,2.542
1717192800.0,2024-06-01 01:00:00,2.591
1717279200.0,2024-06-02 01:00:00,2.631
1717365600.0,2024-06-03 01:00:00,2.64
1717452000.0,2024-06-04 01:00:00,2.667
1717538400.0,2024-06-05 01:00:00,2.678
1717624800.0,2024-06-06 01:00:00,2.663
1717711200.0,2024-06-07 01:00:00,2.748
1717797600.0,2024-06-08 01:00:00,2.706
1717884000.0,2024-06-09 01:00:00,2.694
1717970400.0,2024-06-10 01:00:00,2.66
1718056800.0,2024-06-11 01:00:00,2.689
1718143200.0,2024-06-12 01:00:00,2.713
1718229600.0,2024-06-13 01:00:00,2.737
1718316000.0,2024-06-14 01:00:00,2.736
1718402400.0,2024-06-15 01:00:00,2.733
1718488800.0,2024-06-16 01:00:00,2.649
1718575200.0,2024-06-17 01:00:00,2.598
1718661600.0,2024-06-18 01:00:00,2.604
1718748000.0,2024-06-19 01:00:00,2.517
1718834400.0,2024-06-20 01:00:00,2.466
1718920800.0,2024-06-21 01:00:00,2.475
1719007200.0,2024-06-22 01:00:00,2.494
1719093600.0,2024-06-23 01:00:00,2.471
1719180000.0,2024-06-24 01:00:00,2.508
1719266400.0,2024-06-25 01:00:00,2.519
1719352800.0,2024-06-26 01:00:00,2.571
1719439200.0,2024-06-27 01:00:00,2.563
1719525600.0,2024-06-28 01:00:00,2.486
1719612000.0,2024-06-29 01:00:00,2.493
1719698400.0,2024-06-30 01:00:00,2.511
1719784800.0,2024-07-01 01:00:00,2.521
1719871200.0,2024-07-02 01:00:00,2.558
1719957600.0,2024-07-03 01:00:00,2.569
1720044000.0,2024-07-04 01:00:00,2.596
1720130400.0,2024-07-05 01:00:00,2.57
1720216800.0,2024-07-06 01:00:00,2.588
1720303200.0,2024-07-07 01:00:00,2.605
1720389600.0,2024-07-08 01:00:00,2.586
1720476000.0,2024-07-09 01:00:00,2.59
1720562400.0,2024-07-10 01:00:00,2.508
1720648800.0,2024-07-11 01:00:00,2.474
1720735200.0,2024-07-12 01:00:00,2.569
1720821600.0,2024-07-13 01:00:00,2.498
1720908000.0,2024-07-14 01:00:00,2.543
1720994400.0,2024-07-15 01:00:00,2.565
1721080800.0,2024-07-16 01:00:00,2.577
1721167200.0,2024-07-17 01:00:00,2.554
1721253600.0,2024-07-18 01:00:00,2.571
1721340000.0,2024-07-19 01:00:00,2.591
1721426400.0,2024-07-20 01:00:00,2.602
1721512800.0,2024-07-21 01:00:00,2.619
1721599200.0,2024-07-22 01:00:00,2.636
1721685600.0,2024-07-23 01:00:00,2.599
1721772000.0,2024-07-24 01:00:00,2.535
1721858400.0,2024-07-25 01:00:00,2.565
1721944800.0,2024-07-26 01:00:00,2.569
1722031200.0,2024-07-27 01:00:00,2.57
1722117600.0,2024-07-28 01:00:00,2.584
1722204000.0,2024-07-29 01:00:00,2.602
1722290400.0,2024-07-30 01:00:00,2.625
1722376800.0,2024-07-31 01:00:00,2.643
1722463200.0,2024-08-01 01:00:00,2.649
1722549600.0,2024-08-02 01:00:00,2.708
1722636000.0,2024-08-03 01:00:00,2.723
1722722400.0,2024-08-04 01:00:00,2.739
1722808800.0,2024-08-05 01:00:00,2.738
1722895200.0,2024-08-06 01:00:00,2.755
1722981600.0,2024-08-07 01:00:00,2.744
1723068000.0,2024-08-08 01:00:00,2.701
1723154400.0,2024-08-09 01:00:00,2.739
1723240800.0,2024-08-10 01:00:00,2.738
1723327200.0,2024-08-11 01:00:00,2.725
1723413600.0,2024-08-12 01:00:00,2.728
1723500000.0,2024-08-13 01:00:00,2.724
1723586400.0,2024-08-14 01:00:00,2.736
1723672800.0,2024-08-15 01:00:00,2.685
1723759200.0,2024-08-16 01:00:00,2.66
1723845600.0,2024-08-17 01:00:00,2.722
1723932000.0,2024-08-18 01:00:00,2.66
1724018400.0,2024-08-19 01:00:00,2.589
1724104800.0,2024-08-20 01:00:00,2.579
1724191200.0,2024-08-21 01:00:00,2.565
1724277600.0,2024-08-22 01:00:00,2.569
1724364000.0,2024-08-23 01:00:00,2.605
1724450400.0,2024-08-24 01:00:00,2.677
1724536800.0,2024-08-25 01:00:00,2.63
1724623200.0,2024-08-26 01:00:00,2.601
1724709600.0,2024-08-27 01:00:00,2.616
1724796000.0,2024-08-28 01:00:00,2.632
1724882400.0,2024-08-29 01:00:00,2.69
1724968800.0,2024-08-30 01:00:00,2.725
1725055200.0,2024-08-31 01:00:00,2.768
1725141600.0,2024-09-01 01:00:00,2.787
1725228000.0,2024-09-02 01:00:00,2.777
1725314400.0,2024-09-03 01:00:00,2.759
1725400800.0,2024-09-04 01:00:00,2.826
1725487200.0,2024-09-05 01:00:00,2.823
1725573600.0,2024-09-06 01:00:00,2.815
1725660000.0,2024-09-07 01:00:00,2.815
1725746400.0,2024-09-08 01:00:00,2.77
1725832800.0,2024-09-09 01:00:00,2.797
1725919200.0,2024-09-10 01:00:00,2.827
1726005600.0,2024-09-11 01:00:00,2.883
1726092000.0,2024-09-12 01:00:00,2.885
1726178400.0,2024-09-13 01:00:00,2.886
1726264800.0,2024-09-14 01:00:00,2.902
1726351200.0,2024-09-15 01:00:00,2.895
1726437600.0,2024-09-16 01:00:00,2.886
1726524000.0,2024-09-17 01:00:00,2.862
1726610400.0,2024-09-18 01:00:00,2.909
1726696800.0,2024-09-19 01:00:00,2.877
1726783200.0,2024-09-20 01:00:00,2.873
1726869600.0,2024-09-21 01:00:00,2.881
1726956000.0,2024-09-22 01:00:00,2.852
1727042400.0,2024-09-23 01:00:00,2.794
1727128800.0,2024-09-24 01:00:00,2.753
1727215200.0,2024-09-25 01:00:00,2.831
1727301600.0,2024-09-26 01:00:00,2.857
1727388000.0,2024-09-27 01:00:00,2.879
1727474400.0,2024-09-28 01:00:00,2.883
1727560800.0,2024-09-29 01:00:00,2.877
1727647200.0,2024-09-30 01:00:00,2.832
1727733600.0,2024-10-01 01:00:00,2.824
1727820000.0,2024-10-02 01:00:00,2.823
1727906400.0,2024-10-03 01:00:00,2.653
1727992800.0,2024-10-04 01:00:00,2.657
1728079200.0,2024-10-05 01:00:00,2.691
1728165600.0,2024-10-06 01:00:00,2.717
1728252000.0,2024-10-07 01:00:00,2.782
1728338400.0,2024-10-08 01:00:00,2.805
1728424800.0,2024-10-09 01:00:00,2.78
1728511200.0,2024-10-10 01:00:00,2.791
1728597600.0,2024-10-11 01:00:00,2.769
1728684000.0,2024-10-12 01:00:00,2.78
1728770400.0,2024-10-13 01:00:00,2.72
1728856800.0,2024-10-14 01:00:00,2.726
1728943200.0,2024-10-15 01:00:00,2.726
1729029600.0,2024-10-16 01:00:00,2.737
1729116000.0,2024-10-17 01:00:00,2.79
1729202400.0,2024-10-18 01:00:00,2.804
1729288800.0,2024-10-19 01:00:00,2.854
1729375200.0,2024-10-20 01:00:00,2.782
1729461600.0,2024-10-21 01:00:00,2.773
1729548000.0,2024-10-22 01:00:00,2.81
1729634400.0,2024-10-23 01:00:00,2.791
1729720800.0,2024-10-24 01:00:00,2.809
1729807200.0,2024-10-25 01:00:00,2.797
1729893600.0,2024-10-26 01:00:00,2.805
1729980000.0,2024-10-27 01:00:00,2.792
1730066400.0,2024-10-28 01:00:00,2.788
1730152800.0,2024-10-29 01:00:00,2.79
1730239200.0,2024-10-30 01:00:00,2.795
1730325600.0,2024-10-31 01:00:00,2.78
1730412000.0,2024-11-01 01:00:00,2.828
1730498400.0,2024-11-02 01:00:00,2.834
1730584800.0,2024-11-03 01:00:00,2.825
1730671200.0,2024-11-04 01:00:00,2.813
1730757600.0,2024-11-05 01:00:00,2.83
1730844000.0,2024-11-06 01:00:00,2.847
1730930400.0,2024-11-07 01:00:00,2.865
1731016800.0,2024-11-08 01:00:00,2.863
1731103200.0,2024-11-09 01:00:00,2.893
1731189600.0,2024-11-10 01:00:00,2.867
1731276000.0,2024-11-11 01:00:00,2.851
1731362400.0,2024-11-12 01:00:00,2.822
1731448800.0,2024-11-13 01:00:00,2.828
1731535200.0,2024-11-14 01:00:00,2.861
1731621600.0,2024-11-15 01:00:00,2.849
1731708000.0,2024-11-16 01:00:00,2.841
1731794400.0,2024-11-17 01:00:00,2.844
1731880800.0,2024-11-18 01:00:00,2.825
1731967200.0,2024-11-19 01:00:00,2.846
1732053600.0,2024-11-20 01:00:00,2.859
1732140000.0,2024-11-21 01:00:00,2.87
1732226400.0,2024-11-22 01:00:00,2.883
1732312800.0,2024-11-23 01:00:00,2.84
1732399200.0,2024-11-24 01:00:00,2.85
1732485600.0,2024-11-25 01:00:00,2.801
1732572000.0,2024-11-26 01:00:00,2.822
1732658400.0,2024-11-27 01:00:00,2.82
1732744800.0,2024-11-28 01:00:00,2.772
1732831200.0,2024-11-29 01:00:00,2.752
1732917600.0,2024-11-30 01:00:00,2.75
1733004000.0,2024-12-01 01:00:00,2.788
1733090400.0,2024-12-02 01:00:00,2.756
1733176800.0,2024-12-03 01:00:00,2.809
1733263200.0,2024-12-04 01:00:00,2.825
1733349600.0,2024-12-05 01:00:00,2.851
1733436000.0,2024-12-06 01:00:00,2.871
1733522400.0,2024-12-07 01:00:00,2.897
1733608800.0,2024-12-08 01:00:00,2.859
1733695200.0,2024-12-09 01:00:00,2.883
1733781600.0,2024-12-10 01:00:00,2.848
1733868000.0,2024-12-11 01:00:00,2.871
1733954400.0,2024-12-12 01:00:00,2.903
1734040800.0,2024-12-13 01:00:00,2.885
1734127200.0,2024-12-14 01:00:00,2.944
1734213600.0,2024-12-15 01:00:00,2.929
1734300000.0,2024-12-16 01:00:00,2.954
1734386400.0,2024-12-17 01:00:00,2.925
1734472800.0,2024-12-18 01:00:00,2.934
1734559200.0,2024-12-19 01:00:00,2.886
1734645600.0,2024-12-20 01:00:00,2.917
1734732000.0,2024-12-21 01:00:00,2.869
1734818400.0,2024-12-22 01:00:00,2.912
1734904800.0,2024-12-23 01:00:00,2.973
1734991200.0,2024-12-24 01:00:00,3.061
1735077600.0,2024-12-25 01:00:00,3.168
1735164000.0,2024-12-26 01:00:00,3.362
1735250400.0,2024-12-27 01:00:00,3.349
1735336800.0,2024-12-28 01:00:00,3.307
1735423200.0,2024-12-29 01:00:00,3.317
1735509600.0,2024-12-30 01:00:00,3.348
1735596000.0,2024-12-31 01:00:00,3.377
1735682400.0,2025-01-01 01:00:00,3.426
1735768800.0,2025-01-02 01:00:00,3.422
1735855200.0,2025-01-03 01:00:00,3.467
1735941600.0,2025-01-04 01:00:00,3.528
1736028000.0,2025-01-05 01:00:00,3.565
1736114400.0,2025-01-06 01:00:00,3.54
1736200800.0,2025-01-07 01:00:00,3.645
1736287200.0,2025-01-08 01:00:00,3.639
1736373600.0,2025-01-09 01:00:00,3.419
1736460000.0,2025-01-10 01:00:00,3.573
1736546400.0,2025-01-11 01:00:00,3.938
1736632800.0,2025-01-12 01:00:00,3.761
1736719200.0,2025-01-13 01:00:00,3.626
1736805600.0,2025-01-14 01:00:00,3.735
1736892000.0,2025-01-15 01:00:00,3.801
1736978400.0,2025-01-16 01:00:00,3.561
1737064800.0,2025-01-17 01:00:00,3.56
1737151200.0,2025-01-18 01:00:00,3.856
1737237600.0,2025-01-19 01:00:00,3.62
1737324000.0,2025-01-20 01:00:00,3.623
1737410400.0,2025-01-21 01:00:00,3.501
1737496800.0,2025-01-22 01:00:00,3.501
1737583200.0,2025-01-23 01:00:00,3.482
1737669600.0,2025-01-24 01:00:00,3.483
1737756000.0,2025-01-25 01:00:00,3.583
1737842400.0,2025-01-26 01:00:00,3.608
1737928800.0,2025-01-27 01:00:00,3.55
1738015200.0,2025-01-28 01:00:00,3.557
1738101600.0,2025-01-29 01:00:00,3.47
1738188000.0,2025-01-30 01:00:00,3.564
1738274400.0,2025-01-31 01:00:00,3.586
1738360800.0,2025-02-01 01:00:00,3.645
1738425600.0,2025-02-01 19:00:00,3.5
1738429200.0,2025-02-01 20:00:00,3.49
1738432800.0,2025-02-01 21:00:00,3.458
1738436400.0,2025-02-01 22:00:00,3.658
1738440000.0,2025-02-01 23:00:00,3.655
1738443600.0,2025-02-02 00:00:00,3.72
1738447200.0,2025-02-02 01:00:00,3.74
1738450800.0,2025-02-02 02:00:00,3.74
1738454400.0,2025-02-02 03:00:00,3.76
1738458000.0,2025-02-02 04:00:00,3.76
1738461600.0,2025-02-02 05:00:00,3.8
1738465200.0,2025-02-02 06:00:00,3.46
1738468800.0,2025-02-02 07:00:00,3.81
1738472400.0,2025-02-02 08:00:00,3.818
1738476000.0,2025-02-02 09:00:00,3.64
1738479600.0,2025-02-02 10:00:00,3.59
1738483200.0,2025-02-02 11:00:00,3.665
1738486800.0,2025-02-02 12:00:00,3.576
1738490400.0,2025-02-02 13:00:00,3.53
1738494000.0,2025-02-02 14:00:00,3.46
1738497600.0,2025-02-02 15:00:00,3.505
1738501200.0,2025-02-02 16:00:00,3.58
1738504800.0,2025-02-02 17:00:00,3.69
1738508400.0,2025-02-02 18:00:00,3.63
1738512000.0,2025-02-02 19:00:00,3.69
1738515600.0,2025-02-02 20:00:00,3.611
1738519200.0,2025-02-02 21:00:00,3.58
1738522800.0,2025-02-02 22:00:00,3.53
1738526400.0,2025-02-02 23:00:00,3.701
1738530000.0,2025-02-03 00:00:00,3.73
1738533600.0,2025-02-03 01:00:00,3.63
1738537200.0,2025-02-03 02:00:00,3.74
1738540800.0,2025-02-03 03:00:00,3.74
1738544400.0,2025-02-03 04:00:00,3.74
1738548000.0,2025-02-03 05:00:00,3.74
1738551600.0,2025-02-03 06:00:00,3.75
1738555200.0,2025-02-03 07:00:00,3.75
1738558800.0,2025-02-03 08:00:00,3.751
1738562400.0,2025-02-03 09:00:00,3.543
1738566000.0,2025-02-03 10:00:00,3.49
1738569600.0,2025-02-03 11:00:00,3.676
1738573200.0,2025-02-03 12:00:00,3.5
1738576800.0,2025-02-03 13:00:00,3.542
1738580400.0,2025-02-03 14:00:00,3.73
1738584000.0,2025-02-03 15:00:00,3.69
1738587600.0,2025-02-03 16:00:00,3.57
1738591200.0,2025-02-03 17:00:00,3.53
1738594800.0,2025-02-03 18:00:00,3.555
1738598400.0,2025-02-03 19:00:00,3.566
1738602000.0,2025-02-03 20:00:00,3.536
1738605600.0,2025-02-03 21:00:00,3.63
1738609200.0,2025-02-03 22:00:00,3.591
1738612800.0,2025-02-03 23:00:00,3.591
1738616400.0,2025-02-04 00:00:00,3.679
1738620000.0,2025-02-04 01:00:00,3.5
1738623600.0,2025-02-04 02:00:00,3.65
1738627200.0,2025-02-04 03:00:00,3.7
1738630800.0,2025-02-04 04:00:00,3.71
1738634400.0,2025-02-04 05:00:00,3.704
1738638000.0,2025-02-04 06:00:00,3.71
1738641600.0,2025-02-04 07:00:00,3.7
1738645200.0,2025-02-04 08:00:00,3.7
1738648800.0,2025-02-04 09:00:00,3.598
1738652400.0,2025-02-04 10:00:00,3.524
1738656000.0,2025-02-04 11:00:00,3.58
1738659600.0,2025-02-04 12:00:00,3.53
1738663200.0,2025-02-04 13:00:00,3.397
1738666800.0,2025-02-04 14:00:00,3.54
1738670400.0,2025-02-04 15:00:00,3.56
1738674000.0,2025-02-04 16:00:00,3.631
1738677600.0,2025-02-04 17:00:00,3.539
1738681200.0,2025-02-04 18:00:00,3.442
1738684800.0,2025-02-04 19:00:00,3.67
1738688400.0,2025-02-04 20:00:00,3.699
1738692000.0,2025-02-04 21:00:00,3.703
1738695600.0,2025-02-04 22:00:00,3.71
1738699200.0,2025-02-04 23:00:00,3.706
1738702800.0,2025-02-05 00:00:00,3.56
1738706400.0,2025-02-05 01:00:00,3.679
1738710000.0,2025-02-05 02:00:00,3.74
1738713600.0,2025-02-05 03:00:00,3.685
1738717200.0,2025-02-05 04:00:00,3.733
1738720800.0,2025-02-05 05:00:00,3.73
1738724400.0,2025-02-05 06:00:00,3.42
1738728000.0,2025-02-05 07:00:00,3.413
1738731600.0,2025-02-05 08:00:00,3.75
1738735200.0,2025-02-05 09:00:00,3.42
1738738800.0,2025-02-05 10:00:00,3.505
1738742400.0,2025-02-05 11:00:00,3.45
1738746000.0,2025-02-05 12:00:00,3.51
1738749600.0,2025-02-05 13:00:00,3.628
1738753200.0,2025-02-05 14:00:00,3.47
1738756800.0,2025-02-05 15:00:00,3.496
1738760400.0,2025-02-05 16:00:00,3.5
1738764000.0,2025-02-05 17:00:00,3.51
1738767600.0,2025-02-05 18:00:00,3.559
1738771200.0,2025-02-05 19:00:00,3.527
1738774800.0,2025-02-05 20:00:00,3.689
1738778400.0,2025-02-05 21:00:00,3.718
1738782000.0,2025-02-05 22:00:00,3.521
1738785600.0,2025-02-05 23:00:00,3.534
1738789200.0,2025-02-06 00:00:00,3.7
1738792800.0,2025-02-06 01:00:00,3.565
1738796400.0,2025-02-06 02:00:00,3.752
1738800000.0,2025-02-06 03:00:00,3.85
1738803600.0,2025-02-06 04:00:00,3.8
1738807200.0,2025-02-06 05:00:00,3.8
1738810800.0,2025-02-06 06:00:00,3.76
1738814400.0,2025-02-06 07:00:00,3.85
1738818000.0,2025-02-06 08:00:00,3.864
1738821600.0,2025-02-06 09:00:00,3.76
1738825200.0,2025-02-06 10:00:00,3.784
1738828800.0,2025-02-06 11:00:00,3.781
1738832400.0,2025-02-06 12:00:00,3.765
1738836000.0,2025-02-06 13:00:00,3.595
1738839600.0,2025-02-06 14:00:00,3.51
1738843200.0,2025-02-06 15:00:00,3.625
1738846800.0,2025-02-06 16:00:00,3.593
1738850400.0,2025-02-06 17:00:00,3.635
1738854000.0,2025-02-06 18:00:00,3.562
1738857600.0,2025-02-06 19:00:00,3.53
1738861200.0,2025-02-06 20:00:00,3.51
1738864800.0,2025-02-06 21:00:00,3.58
1738868400.0,2025-02-06 22:00:00,3.841
1738872000.0,2025-02-06 23:00:00,3.541
1738875600.0,2025-02-07 00:00:00,3.611
1738879200.0,2025-02-07 01:00:00,3.815
1738882800.0,2025-02-07 02:00:00,3.541
1738886400.0,2025-02-07 03:00:00,3.82
1738890000.0,2025-02-07 04:00:00,3.856
1738893600.0,2025-02-07 05:00:00,3.84
1738897200.0,2025-02-07 06:00:00,3.84
1738900800.0,2025-02-07 07:00:00,3.85
1738904400.0,2025-02-07 08:00:00,3.84
1738908000.0,2025-02-07 09:00:00,3.59
1738911600.0,2025-02-07 10:00:00,3.59
1738915200.0,2025-02-07 11:00:00,3.51
1738918800.0,2025-02-07 12:00:00,3.52
1738922400.0,2025-02-07 13:00:00,3.51
1738926000.0,2025-02-07 14:00:00,3.61
1738929600.0,2025-02-07 15:00:00,3.75
1738933200.0,2025-02-07 16:00:00,3.561
1738936800.0,2025-02-07 17:00:00,3.657
1738940400.0,2025-02-07 18:00:00,3.586
1738944000.0,2025-02-07 19:00:00,3.541
1738947600.0,2025-02-07 20:00:00,3.552
1738951200.0,2025-02-07 21:00:00,3.593
1738954800.0,2025-02-07 22:00:00,3.666
1738958400.0,2025-02-07 23:00:00,3.585
1738962000.0,2025-02-08 00:00:00,3.585
1738965600.0,2025-02-08 01:00:00,3.71
1738969200.0,2025-02-08 02:00:00,3.74
1738972800.0,2025-02-08 03:00:00,3.8
1738976400.0,2025-02-08 04:00:00,3.75
1738980000.0,2025-02-08 05:00:00,3.79
1738983600.0,2025-02-08 06:00:00,3.75
1738987200.0,2025-02-08 07:00:00,3.8
1738990800.0,2025-02-08 08:00:00,3.685
1738994400.0,2025-02-08 09:00:00,3.5
1738998000.0,2025-02-08 10:00:00,3.567
1739001600.0,2025-02-08 11:00:00,3.544
1739005200.0,2025-02-08 12:00:00,3.42
1739008800.0,2025-02-08 13:00:00,3.5
1739012400.0,2025-02-08 14:00:00,3.5
1739016000.0,2025-02-08 15:00:00,3.512
1739019600.0,2025-02-08 16:00:00,3.609
1739023200.0,2025-02-08 17:00:00,3.6
1739026800.0,2025-02-08 18:00:00,3.575
1739030400.0,2025-02-08 19:00:00,3.531
1739034000.0,2025-02-08 20:00:00,3.537
1739037600.0,2025-02-08 21:00:00,3.61
1739041200.0,2025-02-08 22:00:00,3.54
1739044800.0,2025-02-08 23:00:00,3.7
1739048400.0,2025-02-09 00:00:00,3.7
1739052000.0,2025-02-09 01:00:00,3.778
1739055600.0,2025-02-09 02:00:00,3.8
1739059200.0,2025-02-09 03:00:00,3.82
1739062800.0,2025-02-09 04:00:00,3.82
1739066400.0,2025-02-09 05:00:00,3.83
1739070000.0,2025-02-09 06:00:00,3.85
1739073600.0,2025-02-09 07:00:00,3.82
1739077200.0,2025-02-09 08:00:00,3.86
1739080800.0,2025-02-09 09:00:00,3.85
1739084400.0,2025-02-09 10:00:00,3.56
1739088000.0,2025-02-09 11:00:00,3.57
1739091600.0,2025-02-09 12:00:00,3.54
1739095200.0,2025-02-09 13:00:00,3.558
1739098800.0,2025-02-09 14:00:00,3.57
1739102400.0,2025-02-09 15:00:00,3.575
1739106000.0,2025-02-09 16:00:00,3.634
1739109600.0,2025-02-09 17:00:00,3.814
1739113200.0,2025-02-09 18:00:00,3.814
1739116800.0,2025-02-09 19:00:00,3.886
1739120400.0,2025-02-09 20:00:00,3.63
1739124000.0,2025-02-09 21:00:00,3.59
1739127600.0,2025-02-09 22:00:00,3.604
1739131200.0,2025-02-09 23:00:00,3.63
1739134800.0,2025-02-10 00:00:00,3.627
1739138400.0,2025-02-10 01:00:00,3.69
1739142000.0,2025-02-10 02:00:00,3.818
1739145600.0,2025-02-10 03:00:00,3.836
1739149200.0,2025-02-10 04:00:00,3.85
1739152800.0,2025-02-10 05:00:00,3.888
1739156400.0,2025-02-10 06:00:00,3.88
1739160000.0,2025-02-10 07:00:00,3.91
1739163600.0,2025-02-10 08:00:00,3.907
1739167200.0,2025-02-10 09:00:00,3.834
1739170800.0,2025-02-10 10:00:00,3.803
1739174400.0,2025-02-10 11:00:00,3.703
1739178000.0,2025-02-10 12:00:00,3.586
1739181600.0,2025-02-10 13:00:00,3.576
1739185200.0,2025-02-10 14:00:00,3.586
1739188800.0,2025-02-10 15:00:00,3.575
1739192400.0,2025-02-10 16:00:00,3.604
1739196000.0,2025-02-10 17:00:00,3.577
1739199600.0,2025-02-10 18:00:00,3.606
1739203200.0,2025-02-10 19:00:00,3.606
1739206800.0,2025-02-10 20:00:00,3.686
1739210400.0,2025-02-10 21:00:00,3.61
1739214000.0,2025-02-10 22:00:00,3.761
1739217600.0,2025-02-10 23:00:00,3.72
1739221200.0,2025-02-11 00:00:00,3.616
1739224800.0,2025-02-11 01:00:00,3.601
1739228400.0,2025-02-11 02:00:00,3.65
1739232000.0,2025-02-11 03:00:00,3.77
1739235600.0,2025-02-11 04:00:00,3.77
1739239200.0,2025-02-11 05:00:00,3.77
1739242800.0,2025-02-11 06:00:00,3.77
1739246400.0,2025-02-11 07:00:00,3.772
1739250000.0,2025-02-11 08:00:00,3.775
1739253600.0,2025-02-11 09:00:00,3.6
1739257200.0,2025-02-11 10:00:00,3.61
1739260800.0,2025-02-11 11:00:00,3.668
1739264400.0,2025-02-11 12:00:00,3.6
1739268000.0,2025-02-11 13:00:00,3.617
1739271600.0,2025-02-11 14:00:00,3.658
1739275200.0,2025-02-11 15:00:00,3.6
1739278800.0,2025-02-11 16:00:00,3.61
1739282400.0,2025-02-11 17:00:00,3.669
1739286000.0,2025-02-11 18:00:00,3.678
1739289600.0,2025-02-11 19:00:00,3.648
1739293200.0,2025-02-11 20:00:00,3.626
1739296800.0,2025-02-11 21:00:00,3.61
1739300400.0,2025-02-11 22:00:00,3.71
1739304000.0,2025-02-11 23:00:00,3.71
1739307600.0,2025-02-12 00:00:00,3.73
1739311200.0,2025-02-12 01:00:00,3.762
1739314800.0,2025-02-12 02:00:00,3.8
1739318400.0,2025-02-12 03:00:00,3.81
1739322000.0,2025-02-12 04:00:00,3.83
1739325600.0,2025-02-12 05:00:00,3.84
1739329200.0,2025-02-12 06:00:00,3.84
1739332800.0,2025-02-12 07:00:00,3.687
1739336400.0,2025-02-12 08:00:00,3.774
1739340000.0,2025-02-12 09:00:00,3.748
1739343600.0,2025-02-12 10:00:00,3.677
1739347200.0,2025-02-12 11:00:00,3.693
1739350800.0,2025-02-12 12:00:00,3.61
1739354400.0,2025-02-12 13:00:00,3.82
1739358000.0,2025-02-12 14:00:00,3.678
1739361600.0,2025-02-12 15:00:00,3.738
1739365200.0,2025-02-12 16:00:00,3.62
1739368800.0,2025-02-12 17:00:00,3.639
1739372400.0,2025-02-12 18:00:00,3.61
1739376000.0,2025-02-12 19:00:00,3.642
1739379600.0,2025-02-12 20:00:00,3.68
1739383200.0,2025-02-12 21:00:00,3.645
1739386800.0,2025-02-12 22:00:00,3.68
1739390400.0,2025-02-12 23:00:00,3.71
1739394000.0,2025-02-13 00:00:00,3.62
1739397600.0,2025-02-13 01:00:00,3.79
1739401200.0,2025-02-13 02:00:00,3.81
1739404800.0,2025-02-13 03:00:00,3.81
1739408400.0,2025-02-13 04:00:00,3.81
1739412000.0,2025-02-13 05:00:00,3.81
1739415600.0,2025-02-13 06:00:00,3.81
1739419200.0,2025-02-13 07:00:00,3.767
1739422800.0,2025-02-13 08:00:00,3.76
1739426400.0,2025-02-13 09:00:00,3.67
1739430000.0,2025-02-13 10:00:00,3.771
1739433600.0,2025-02-13 11:00:00,3.6
1739437200.0,2025-02-13 12:00:00,3.595
1739440800.0,2025-02-13 13:00:00,3.6
1739444400.0,2025-02-13 14:00:00,3.659
1739448000.0,2025-02-13 15:00:00,3.6
1739451600.0,2025-02-13 16:00:00,3.618
1739455200.0,2025-02-13 17:00:00,3.649
1739458800.0,2025-02-13 18:00:00,3.618
1739462400.0,2025-02-13 19:00:00,3.619
1739466000.0,2025-02-13 20:00:00,3.612
1739469600.0,2025-02-13 21:00:00,3.671
1739473200.0,2025-02-13 22:00:00,3.739
1739476800.0,2025-02-13 23:00:00,3.673
1739480400.0,2025-02-14 00:00:00,3.75
1739484000.0,2025-02-14 01:00:00,3.75
1739487600.0,2025-02-14 02:00:00,3.806
1739491200.0,2025-02-14 03:00:00,3.81
1739494800.0,2025-02-14 04:00:00,3.83
1739498400.0,2025-02-14 05:00:00,3.83
1739502000.0,2025-02-14 06:00:00,3.83
1739505600.0,2025-02-14 07:00:00,3.83
1739509200.0,2025-02-14 08:00:00,3.83
1739512800.0,2025-02-14 09:00:00,3.646
1739516400.0,2025-02-14 10:00:00,3.608
1739520000.0,2025-02-14 11:00:00,3.633
1739523600.0,2025-02-14 12:00:00,3.62
1739527200.0,2025-02-14 13:00:00,3.751
1739530800.0,2025-02-14 14:00:00,3.59
1739534400.0,2025-02-14 15:00:00,3.604
1739538000.0,2025-02-14 16:00:00,3.77
1739541600.0,2025-02-14 17:00:00,3.69
1739545200.0,2025-02-14 18:00:00,3.741
1739548800.0,2025-02-14 19:00:00,3.75
1739552400.0,2025-02-14 20:00:00,3.622
1739556000.0,2025-02-14 21:00:00,3.677
1739559600.0,2025-02-14 22:00:00,3.757
1739563200.0,2025-02-14 23:00:00,3.747
1739566800.0,2025-02-15 00:00:00,3.76
1739570400.0,2025-02-15 01:00:00,3.85
1739574000.0,2025-02-15 02:00:00,3.86
1739577600.0,2025-02-15 03:00:00,3.877
1739581200.0,2025-02-15 04:00:00,3.88
1739584800.0,2025-02-15 05:00:00,3.88
1739588400.0,2025-02-15 06:00:00,3.88
1739592000.0,2025-02-15 07:00:00,3.88
1739595600.0,2025-02-15 08:00:00,3.861
1739599200.0,2025-02-15 09:00:00,3.74
1739602800.0,2025-02-15 10:00:00,3.873
1739606400.0,2025-02-15 11:00:00,3.895
1739610000.0,2025-02-15 12:00:00,3.737
1739613600.0,2025-02-15 13:00:00,3.74
1739617200.0,2025-02-15 14:00:00,3.799
1739620800.0,2025-02-15 15:00:00,3.65
1739624400.0,2025-02-15 16:00:00,3.61
1739628000.0,2025-02-15 17:00:00,3.63
1739631600.0,2025-02-15 18:00:00,3.673
1739635200.0,2025-02-15 19:00:00,3.75
1739638800.0,2025-02-15 20:00:00,3.747
1739642400.0,2025-02-15 21:00:00,3.747
1739646000.0,2025-02-15 22:00:00,3.757
1739649600.0,2025-02-15 23:00:00,3.77
1739653200.0,2025-02-16 00:00:00,3.86
1739656800.0,2025-02-16 01:00:00,3.883
1739660400.0,2025-02-16 02:00:00,3.88
1739664000.0,2025-02-16 03:00:00,3.88
1739667600.0,2025-02-16 04:00:00,3.92
1739671200.0,2025-02-16 05:00:00,3.934
1739674800.0,2025-02-16 06:00:00,3.94
1739678400.0,2025-02-16 07:00:00,3.96
1739682000.0,2025-02-16 08:00:00,3.96
1739685600.0,2025-02-16 09:00:00,3.773
1739689200.0,2025-02-16 10:00:00,3.781
1739692800.0,2025-02-16 11:00:00,3.87
1739696400.0,2025-02-16 12:00:00,3.894
1739700000.0,2025-02-16 13:00:00,3.78
1739703600.0,2025-02-16 14:00:00,3.68
1739707200.0,2025-02-16 15:00:00,3.7
1739710800.0,2025-02-16 16:00:00,3.673
1739714400.0,2025-02-16 17:00:00,3.707
1739718000.0,2025-02-16 18:00:00,3.72
1739721600.0,2025-02-16 19:00:00,3.75
1739725200.0,2025-02-16 20:00:00,3.87
1739728800.0,2025-02-16 21:00:00,3.64
1739732400.0,2025-02-16 22:00:00,3.69
1739736000.0,2025-02-16 23:00:00,3.6
1739739600.0,2025-02-17 00:00:00,3.65
1739743200.0,2025-02-17 01:00:00,3.76
1739746800.0,2025-02-17 02:00:00,3.85
1739750400.0,2025-02-17 03:00:00,3.85
1739754000.0,2025-02-17 04:00:00,3.86
1739757600.0,2025-02-17 05:00:00,3.88
1739761200.0,2025-02-17 06:00:00,3.92
1739764800.0,2025-02-17 07:00:00,3.92
1739768400.0,2025-02-17 08:00:00,3.835
1739772000.0,2025-02-17 09:00:00,3.69
1739775600.0,2025-02-17 10:00:00,3.64
1739779200.0,2025-02-17 11:00:00,3.694
1739782800.0,2025-02-17 12:00:00,3.69
1739786400.0,2025-02-17 13:00:00,3.62
1739790000.0,2025-02-17 14:00:00,3.62
1739793600.0,2025-02-17 15:00:00,3.61
1739797200.0,2025-02-17 16:00:00,3.68
1739800800.0,2025-02-17 17:00:00,3.737
1739804400.0,2025-02-17 18:00:00,3.69
1739808000.0,2025-02-17 19:00:00,3.673
1739811600.0,2025-02-17 20:00:00,3.717
1739815200.0,2025-02-17 21:00:00,3.79
1739818800.0,2025-02-17 22:00:00,3.85
1739822400.0,2025-02-17 23:00:00,3.87
1739826000.0,2025-02-18 00:00:00,3.91
1739829600.0,2025-02-18 01:00:00,3.91
1739833200.0,2025-02-18 02:00:00,3.81
1739836800.0,2025-02-18 03:00:00,3.822
1739840400.0,2025-02-18 04:00:00,3.92
1739844000.0,2025-02-18 05:00:00,3.95
1739847600.0,2025-02-18 06:00:00,3.944
1739851200.0,2025-02-18 07:00:00,3.97
1739854800.0,2025-02-18 08:00:00,3.97
1739858400.0,2025-02-18 09:00:00,3.789
1739862000.0,2025-02-18 10:00:00,3.79
1739865600.0,2025-02-18 11:00:00,3.68
1739869200.0,2025-02-18 12:00:00,3.752
1739872800.0,2025-02-18 13:00:00,3.685
1739876400.0,2025-02-18 14:00:00,3.831
1739880000.0,2025-02-18 15:00:00,3.615
1739883600.0,2025-02-18 16:00:00,3.831
1739887200.0,2025-02-18 17:00:00,3.655
1739890800.0,2025-02-18 18:00:00,3.862
1739894400.0,2025-02-18 19:00:00,3.694
1739898000.0,2025-02-18 20:00:00,3.748
1739901600.0,2025-02-18 21:00:00,3.673
1739905200.0,2025-02-18 22:00:00,3.76
1739908800.0,2025-02-18 23:00:00,3.938
1739912400.0,2025-02-19 00:00:00,3.95
1739916000.0,2025-02-19 01:00:00,3.958
1739919600.0,2025-02-19 02:00:00,3.96
1739923200.0,2025-02-19 03:00:00,3.96
1739926800.0,2025-02-19 04:00:00,3.97
1739930400.0,2025-02-19 05:00:00,3.99
1739934000.0,2025-02-19 06:00:00,3.99
1739937600.0,2025-02-19 07:00:00,3.995
1739941200.0,2025-02-19 08:00:00,3.917
1739944800.0,2025-02-19 09:00:00,3.939
1739948400.0,2025-02-19 10:00:00,3.77
1739952000.0,2025-02-19 11:00:00,3.902
1739955600.0,2025-02-19 12:00:00,3.844
1739959200.0,2025-02-19 13:00:00,3.83
1739962800.0,2025-02-19 14:00:00,3.88
1739966400.0,2025-02-19 15:00:00,3.83
1739970000.0,2025-02-19 16:00:00,3.874
1739973600.0,2025-02-19 17:00:00,3.904
1739977200.0,2025-02-19 18:00:00,3.96
1739980800.0,2025-02-19 19:00:00,4.0
1739984400.0,2025-02-19 20:00:00,3.903
1739988000.0,2025-02-19 21:00:00,3.843
1739991600.0,2025-02-19 22:00:00,3.97
1739995200.0,2025-02-19 23:00:00,3.96
1739998800.0,2025-02-20 00:00:00,3.85
1740002400.0,2025-02-20 01:00:00,3.871
1740006000.0,2025-02-20 02:00:00,3.93
1740009600.0,2025-02-20 03:00:00,3.969
1740013200.0,2025-02-20 04:00:00,3.97
1740016800.0,2025-02-20 05:00:00,3.97
1740020400.0,2025-02-20 06:00:00,3.99
1740024000.0,2025-02-20 07:00:00,3.995
1740027600.0,2025-02-20 08:00:00,4.0
1740031200.0,2025-02-20 09:00:00,3.896
1740034800.0,2025-02-20 10:00:00,3.77
1740038400.0,2025-02-20 11:00:00,3.77
1740042000.0,2025-02-20 12:00:00,3.74
1740045600.0,2025-02-20 13:00:00,3.791
1740049200.0,2025-02-20 14:00:00,3.79
1740052800.0,2025-02-20 15:00:00,3.788
1740056400.0,2025-02-20 16:00:00,3.861
1740060000.0,2025-02-20 17:00:00,3.965
1740063600.0,2025-02-20 18:00:00,3.97
1740067200.0,2025-02-20 19:00:00,3.953
1740070800.0,2025-02-20 20:00:00,3.833
1740074400.0,2025-02-20 21:00:00,3.826
1740078000.0,2025-02-20 22:00:00,3.964
1740081600.0,2025-02-20 23:00:00,3.984
1740085200.0,2025-02-21 00:00:00,3.98
1740088800.0,2025-02-21 01:00:00,3.95
1740092400.0,2025-02-21 02:00:00,3.91
1740096000.0,2025-02-21 03:00:00,4.0
1740099600.0,2025-02-21 04:00:00,3.99
1740103200.0,2025-02-21 05:00:00,4.004
1740106800.0,2025-02-21 06:00:00,4.02
1740110400.0,2025-02-21 07:00:00,4.0
1740114000.0,2025-02-21 08:00:00,3.93
1740117600.0,2025-02-21 09:00:00,3.833
1740121200.0,2025-02-21 10:00:00,3.92
1740124800.0,2025-02-21 11:00:00,3.951
1740128400.0,2025-02-21 12:00:00,3.962
1740132000.0,2025-02-21 13:00:00,3.859
1740135600.0,2025-02-21 14:00:00,3.918
1740139200.0,2025-02-21 15:00:00,3.975
1740142800.0,2025-02-21 16:00:00,3.96
1740146400.0,2025-02-21 17:00:00,3.901
1740150000.0,2025-02-21 18:00:00,3.92
1740153600.0,2025-02-21 19:00:00,3.969
1740157200.0,2025-02-21 20:00:00,3.963
1740160800.0,2025-02-21 21:00:00,3.94
1740164400.0,2025-02-21 22:00:00,3.92
1740168000.0,2025-02-21 23:00:00,4.0
1740171600.0,2025-02-22 00:00:00,3.98
1740175200.0,2025-02-22 01:00:00,4.0
1740178800.0,2025-02-22 02:00:00,4.02
1740182400.0,2025-02-22 03:00:00,4.03
1740186000.0,2025-02-22 04:00:00,4.03
1740189600.0,2025-02-22 05:00:00,4.03
1740193200.0,2025-02-22 06:00:00,4.04
1740196800.0,2025-02-22 07:00:00,4.08
1740200400.0,2025-02-22 08:00:00,4.09
1740204000.0,2025-02-22 09:00:00,4.0
1740207600.0,2025-02-22 10:00:00,4.045
1740211200.0,2025-02-22 11:00:00,4.04
1740214800.0,2025-02-22 12:00:00,4.03
1740218400.0,2025-02-22 13:00:00,4.04
1740222000.0,2025-02-22 14:00:00,4.04
1740225600.0,2025-02-22 15:00:00,4.053
1740229200.0,2025-02-22 16:00:00,4.073
1740232800.0,2025-02-22 17:00:00,4.08
1740236400.0,2025-02-22 18:00:00,4.09
1740240000.0,2025-02-22 19:00:00,4.09
1740243600.0,2025-02-22 20:00:00,4.08
1740247200.0,2025-02-22 21:00:00,4.083
1740250800.0,2025-02-22 22:00:00,4.09
1740254400.0,2025-02-22 23:00:00,4.087
1740258000.0,2025-02-23 00:00:00,4.1
1740261600.0,2025-02-23 01:00:00,4.08
1740265200.0,2025-02-23 02:00:00,4.108
1740268800.0,2025-02-23 03:00:00,4.11
1740272400.0,2025-02-23 04:00:00,4.14
1740276000.0,2025-02-23 05:00:00,4.14
1740279600.0,2025-02-23 06:00:00,4.11
1740283200.0,2025-02-23 07:00:00,4.14
1740286800.0,2025-02-23 08:00:00,4.141
1740290400.0,2025-02-23 09:00:00,4.14
1740294000.0,2025-02-23 10:00:00,4.14
1740297600.0,2025-02-23 11:00:00,4.09
1740301200.0,2025-02-23 12:00:00,4.07
1740304800.0,2025-02-23 13:00:00,4.07
1740308400.0,2025-02-23 14:00:00,4.07
1740312000.0,2025-02-23 15:00:00,4.013
1740315600.0,2025-02-23 16:00:00,4.02
1740319200.0,2025-02-23 17:00:00,4.037
1740322800.0,2025-02-23 18:00:00,4.011
1740326400.0,2025-02-23 19:00:00,4.033
1740330000.0,2025-02-23 20:00:00,4.043
1740333600.0,2025-02-23 21:00:00,4.084
1740337200.0,2025-02-23 22:00:00,4.1
1740340800.0,2025-02-23 23:00:00,4.06
1740344400.0,2025-02-24 00:00:00,4.03
1740348000.0,2025-02-24 01:00:00,4.1
1740351600.0,2025-02-24 02:00:00,4.04
1740355200.0,2025-02-24 03:00:00,4.1
1740358800.0,2025-02-24 04:00:00,4.1
1740362400.0,2025-02-24 05:00:00,4.105
1740366000.0,2025-02-24 06:00:00,4.11
1740369600.0,2025-02-24 07:00:00,4.11
1740373200.0,2025-02-24 08:00:00,4.129
1740376800.0,2025-02-24 09:00:00,4.141
1740380400.0,2025-02-24 10:00:00,4.098
1740384000.0,2025-02-24 11:00:00,4.062
1740387600.0,2025-02-24 12:00:00,4.04
1740391200.0,2025-02-24 13:00:00,4.03
1740394800.0,2025-02-24 14:00:00,4.04
1740398400.0,2025-02-24 15:00:00,4.05
1740402000.0,2025-02-24 16:00:00,4.06
1740405600.0,2025-02-24 17:00:00,4.127
1740409200.0,2025-02-24 18:00:00,4.127
1740412800.0,2025-02-24 19:00:00,4.137
1740416400.0,2025-02-24 20:00:00,4.04
1740420000.0,2025-02-24 21:00:00,4.137
1740423600.0,2025-02-24 22:00:00,4.153
1740427200.0,2025-02-24 23:00:00,4.165
1740430800.0,2025-02-25 00:00:00,4.14
1740434400.0,2025-02-25 01:00:00,4.17
1740438000.0,2025-02-25 02:00:00,4.145
1740441600.0,2025-02-25 03:00:00,4.125
1740445200.0,2025-02-25 04:00:00,4.151
1740448800.0,2025-02-25 05:00:00,4.15
1740452400.0,2025-02-25 06:00:00,4.15
1740456000.0,2025-02-25 07:00:00,4.15
1740459600.0,2025-02-25 08:00:00,4.14
1740463200.0,2025-02-25 09:00:00,4.02
1740466800.0,2025-02-25 10:00:00,4.0
1740470400.0,2025-02-25 11:00:00,4.117
1740474000.0,2025-02-25 12:00:00,4.05
1740477600.0,2025-02-25 13:00:00,3.99
1740481200.0,2025-02-25 14:00:00,4.026
1740484800.0,2025-02-25 15:00:00,4.08
1740488400.0,2025-02-25 16:00:00,4.132
1740492000.0,2025-02-25 17:00:00,4.14
1740495600.0,2025-02-25 18:00:00,4.152
1740499200.0,2025-02-25 19:00:00,4.169
1740502800.0,2025-02-25 20:00:00,4.172
1740506400.0,2025-02-25 21:00:00,4.15
1740510000.0,2025-02-25 22:00:00,4.158
1740513600.0,2025-02-25 23:00:00,4.131
1740517200.0,2025-02-26 00:00:00,4.11
1740520800.0,2025-02-26 01:00:00,4.15
1740524400.0,2025-02-26 02:00:00,4.2
1740528000.0,2025-02-26 03:00:00,4.199
1740531600.0,2025-02-26 04:00:00,4.19
1740535200.0,2025-02-26 05:00:00,4.2
1740538800.0,2025-02-26 06:00:00,4.2
1740542400.0,2025-02-26 07:00:00,4.2
1740546000.0,2025-02-26 08:00:00,4.2
1740549600.0,2025-02-26 09:00:00,4.2
1740553200.0,2025-02-26 10:00:00,4.2
1740556800.0,2025-02-26 11:00:00,4.21
1740560400.0,2025-02-26 12:00:00,4.2
1740564000.0,2025-02-26 13:00:00,4.137
1740567600.0,2025-02-26 14:00:00,4.15
1740571200.0,2025-02-26 15:00:00,4.14
1740574800.0,2025-02-26 16:00:00,4.137
1740578400.0,2025-02-26 17:00:00,4.153
1740582000.0,2025-02-26 18:00:00,4.1
1740585600.0,2025-02-26 19:00:00,4.106
1740589200.0,2025-02-26 20:00:00,4.046
1740592800.0,2025-02-26 21:00:00,4.063
1740596400.0,2025-02-26 22:00:00,4.07
1740600000.0,2025-02-26 23:00:00,4.058
1740603600.0,2025-02-27 00:00:00,3.99
1740607200.0,2025-02-27 01:00:00,4.026
1740610800.0,2025-02-27 02:00:00,4.1
1740614400.0,2025-02-27 03:00:00,4.17
1740618000.0,2025-02-27 04:00:00,4.19
1740621600.0,2025-02-27 05:00:00,4.2
1740625200.0,2025-02-27 06:00:00,4.123
1740628800.0,2025-02-27 07:00:00,4.2
1740632400.0,2025-02-27 08:00:00,3.927
1740636000.0,2025-02-27 09:00:00,4.0
1740639600.0,2025-02-27 10:00:00,3.995
1740643200.0,2025-02-27 11:00:00,3.942
1740646800.0,2025-02-27 12:00:00,3.942
1740650400.0,2025-02-27 13:00:00,3.921
1740654000.0,2025-02-27 14:00:00,3.844
1740657600.0,2025-02-27 15:00:00,3.885
1740661200.0,2025-02-27 16:00:00,3.84
1740664800.0,2025-02-27 17:00:00,3.82
1740668400.0,2025-02-27 18:00:00,3.82
1740672000.0,2025-02-27 19:00:00,3.952
1740675600.0,2025-02-27 20:00:00,3.901
1740679200.0,2025-02-27 21:00:00,3.932
1740682800.0,2025-02-27 22:00:00,3.82
1740686400.0,2025-02-27 23:00:00,4.1
1740690000.0,2025-02-28 00:00:00,4.145
1740693600.0,2025-02-28 01:00:00,4.188
1740697200.0,2025-02-28 02:00:00,4.19
1740700800.0,2025-02-28 03:00:00,4.19
1740704400.0,2025-02-28 04:00:00,4.188
1740708000.0,2025-02-28 05:00:00,4.19
1740711600.0,2025-02-28 06:00:00,4.19
1740715200.0,2025-02-28 07:00:00,4.19
1740718800.0,2025-02-28 08:00:00,4.195
1740722400.0,2025-02-28 09:00:00,4.187
1740726000.0,2025-02-28 10:00:00,4.153
1740729600.0,2025-02-28 11:00:00,4.07
1740733200.0,2025-02-28 12:00:00,3.96
1740736800.0,2025-02-28 13:00:00,3.92
1740740400.0,2025-02-28 14:00:00,3.934
1740744000.0,2025-02-28 15:00:00,4.028
1740747600.0,2025-02-28 16:00:00,4.017
1740751200.0,2025-02-28 17:00:00,4.06
1740754800.0,2025-02-28 18:00:00,3.981
1740758400.0,2025-02-28 19:00:00,4.174
1740762000.0,2025-02-28 20:00:00,4.164
1740765600.0,2025-02-28 21:00:00,4.174
1740769200.0,2025-02-28 22:00:00,4.179
1740772800.0,2025-02-28 23:00:00,4.105
1740776400.0,2025-03-01 00:00:00,4.18
1740780000.0,2025-03-01 01:00:00,4.19
1740783600.0,2025-03-01 02:00:00,4.19
1740787200.0,2025-03-01 03:00:00,4.21
1740790800.0,2025-03-01 04:00:00,4.203
1740794400.0,2025-03-01 05:00:00,4.202
1740798000.0,2025-03-01 06:00:00,4.221
1740801600.0,2025-03-01 07:00:00,4.23
1740805200.0,2025-03-01 08:00:00,4.23
1740808800.0,2025-03-01 09:00:00,4.06
1740812400.0,2025-03-01 10:00:00,4.236
1740816000.0,2025-03-01 11:00:00,4.139
1740819600.0,2025-03-01 12:00:00,4.017
1740823200.0,2025-03-01 13:00:00,3.94
1740826800.0,2025-03-01 14:00:00,4.036
1740830400.0,2025-03-01 15:00:00,4.015
1740834000.0,2025-03-01 16:00:00,4.057
