instrument,price_usd,timestamp
Chroma 3 Case,0.28,1646258400
Chroma 3 Case,0.28,1646344800
Chroma 3 Case,0.28,1646431200
Chroma 3 Case,0.28,1646517600
Chroma 3 Case,0.28,1646604000
Chroma 3 Case,0.29,1646690400
Chroma 3 Case,0.29,1646776800
Chroma 3 Case,0.29,1646863200
Chroma 3 Case,0.3,1646949600
Chroma 3 Case,0.29,1647036000
Chroma 3 Case,0.31,1647122400
Chroma 3 Case,0.32,1647208800
Chroma 3 Case,0.31,1647295200
Chroma 3 Case,0.31,1647381600
Chroma 3 Case,0.32,1647468000
Chroma 3 Case,0.32,1647554400
Chroma 3 Case,0.33,1647640800
Chroma 3 Case,0.33,1647727200
Chroma 3 Case,0.34,1647813600
Chroma 3 Case,0.34,1647900000
Chroma 3 Case,0.36,1647986400
Chroma 3 Case,0.36,1648072800
Chroma 3 Case,0.36,1648159200
Chroma 3 Case,0.37,1648245600
Chroma 3 Case,0.37,1648332000
Chroma 3 Case,0.37,1648418400
Chroma 3 Case,0.37,1648504800
Chroma 3 Case,0.4,1648591200
Chroma 3 Case,0.42,1648677600
Chroma 3 Case,0.43,1648764000
Chroma 3 Case,0.47,1648850400
Chroma 3 Case,0.5,1648936800
Chroma 3 Case,0.55,1649023200
Chroma 3 Case,0.57,1649109600
Chroma 3 Case,0.57,1649196000
Chroma 3 Case,0.58,1649282400
Chroma 3 Case,0.58,1649368800
Chroma 3 Case,0.58,1649455200
Chroma 3 Case,0.56,1649541600
Chroma 3 Case,0.5,1649628000
Chroma 3 Case,0.47,1649714400
Chroma 3 Case,0.49,1649800800
Chroma 3 Case,0.49,1649887200
Chroma 3 Case,0.51,1649973600
Chroma 3 Case,0.52,1650060000
Chroma 3 Case,0.52,1650146400
Chroma 3 Case,0.52,1650232800
Chroma 3 Case,0.51,1650319200
Chroma 3 Case,0.5,1650405600
Chroma 3 Case,0.5,1650492000
Chroma 3 Case,0.52,1650578400
Chroma 3 Case,0.52,1650664800
Chroma 3 Case,0.51,1650751200
Chroma 3 Case,0.51,1650837600
Chroma 3 Case,0.52,1650924000
Chroma 3 Case,0.52,1651010400
Chroma 3 Case,0.52,1651096800
Chroma 3 Case,0.53,1651183200
Chroma 3 Case,0.54,1651269600
Chroma 3 Case,0.54,1651356000
Chroma 3 Case,0.54,1651442400
Chroma 3 Case,0.53,1651528800
Chroma 3 Case,0.51,1651615200
Chroma 3 Case,0.5,1651701600
Chroma 3 Case,0.52,1651788000
Chroma 3 Case,0.53,1651874400
Chroma 3 Case,0.53,1651960800
Chroma 3 Case,0.53,1652047200
Chroma 3 Case,0.53,1652133600
Chroma 3 Case,0.54,1652220000
Chroma 3 Case,0.53,1652306400
Chroma 3 Case,0.54,1652392800
Chroma 3 Case,0.56,1652479200
Chroma 3 Case,0.57,1652565600
Chroma 3 Case,0.6,1652652000
Chroma 3 Case,0.61,1652738400
Chroma 3 Case,0.62,1652824800
Chroma 3 Case,0.62,1652911200
Chroma 3 Case,0.63,1652997600
Chroma 3 Case,0.65,1653084000
Chroma 3 Case,0.67,1653170400
Chroma 3 Case,0.67,1653256800
Chroma 3 Case,0.68,1653343200
Chroma 3 Case,0.69,1653429600
Chroma 3 Case,0.68,1653516000
Chroma 3 Case,0.69,1653602400
Chroma 3 Case,0.7,1653688800
Chroma 3 Case,0.7,1653775200
Chroma 3 Case,0.68,1653861600
Chroma 3 Case,0.7,1653948000
Chroma 3 Case,0.69,1654034400
Chroma 3 Case,0.69,1654120800
Chroma 3 Case,0.67,1654207200
Chroma 3 Case,0.66,1654293600
Chroma 3 Case,0.65,1654380000
Chroma 3 Case,0.65,1654466400
Chroma 3 Case,0.67,1654552800
Chroma 3 Case,0.65,1654639200
Chroma 3 Case,0.62,1654725600
Chroma 3 Case,0.66,1654812000
Chroma 3 Case,0.65,1654898400
Chroma 3 Case,0.64,1654984800
Chroma 3 Case,0.63,1655071200
Chroma 3 Case,0.61,1655157600
Chroma 3 Case,0.61,1655244000
Chroma 3 Case,0.58,1655330400
Chroma 3 Case,0.55,1655416800
Chroma 3 Case,0.54,1655503200
Chroma 3 Case,0.56,1655589600
Chroma 3 Case,0.59,1655676000
Chroma 3 Case,0.58,1655762400
Chroma 3 Case,0.55,1655848800
Chroma 3 Case,0.55,1655935200
Chroma 3 Case,0.54,1656021600
Chroma 3 Case,0.55,1656108000
Chroma 3 Case,0.54,1656194400
Chroma 3 Case,0.55,1656280800
Chroma 3 Case,0.56,1656367200
Chroma 3 Case,0.56,1656453600
Chroma 3 Case,0.59,1656540000
Chroma 3 Case,0.61,1656626400
Chroma 3 Case,0.62,1656712800
Chroma 3 Case,0.62,1656799200
Chroma 3 Case,0.63,1656885600
Chroma 3 Case,0.63,1656972000
Chroma 3 Case,0.61,1657058400
Chroma 3 Case,0.63,1657144800
Chroma 3 Case,0.65,1657231200
Chroma 3 Case,0.68,1657317600
Chroma 3 Case,0.69,1657404000
Chroma 3 Case,0.69,1657490400
Chroma 3 Case,0.69,1657576800
Chroma 3 Case,0.71,1657663200
Chroma 3 Case,0.7,1657749600
Chroma 3 Case,0.71,1657836000
Chroma 3 Case,0.73,1657922400
Chroma 3 Case,0.74,1658008800
Chroma 3 Case,0.74,1658095200
Chroma 3 Case,0.74,1658181600
Chroma 3 Case,0.77,1658268000
Chroma 3 Case,0.75,1658354400
Chroma 3 Case,0.76,1658440800
Chroma 3 Case,0.78,1658527200
Chroma 3 Case,0.79,1658613600
Chroma 3 Case,0.79,1658700000
Chroma 3 Case,0.79,1658786400
Chroma 3 Case,0.78,1658872800
Chroma 3 Case,0.78,1658959200
Chroma 3 Case,0.79,1659045600
Chroma 3 Case,0.81,1659132000
Chroma 3 Case,0.82,1659218400
Chroma 3 Case,0.82,1659304800
Chroma 3 Case,0.82,1659391200
Chroma 3 Case,0.82,1659477600
Chroma 3 Case,0.81,1659564000
Chroma 3 Case,0.81,1659650400
Chroma 3 Case,0.82,1659736800
Chroma 3 Case,0.82,1659823200
Chroma 3 Case,0.81,1659909600
Chroma 3 Case,0.78,1659996000
Chroma 3 Case,0.81,1660082400
Chroma 3 Case,0.81,1660168800
Chroma 3 Case,0.81,1660255200
Chroma 3 Case,0.79,1660341600
Chroma 3 Case,0.79,1660428000
Chroma 3 Case,0.78,1660514400
Chroma 3 Case,0.79,1660600800
Chroma 3 Case,0.78,1660687200
Chroma 3 Case,0.78,1660773600
Chroma 3 Case,0.77,1660860000
Chroma 3 Case,0.77,1660946400
Chroma 3 Case,0.76,1661032800
Chroma 3 Case,0.76,1661119200
Chroma 3 Case,0.74,1661205600
Chroma 3 Case,0.73,1661292000
Chroma 3 Case,0.74,1661378400
Chroma 3 Case,0.74,1661464800
Chroma 3 Case,0.74,1661551200
Chroma 3 Case,0.75,1661637600
Chroma 3 Case,0.73,1661724000
Chroma 3 Case,0.73,1661810400
Chroma 3 Case,0.75,1661896800
Chroma 3 Case,0.76,1661983200
Chroma 3 Case,0.75,1662069600
Chroma 3 Case,0.79,1662156000
Chroma 3 Case,0.79,1662242400
Chroma 3 Case,0.79,1662328800
Chroma 3 Case,0.79,1662415200
Chroma 3 Case,0.77,1662501600
Chroma 3 Case,0.78,1662588000
Chroma 3 Case,0.77,1662674400
Chroma 3 Case,0.78,1662760800
Chroma 3 Case,0.76,1662847200
Chroma 3 Case,0.74,1662933600
Chroma 3 Case,0.75,1663020000
Chroma 3 Case,0.75,1663106400
Chroma 3 Case,0.76,1663192800
Chroma 3 Case,0.78,1663279200
Chroma 3 Case,0.76,1663365600
Chroma 3 Case,0.74,1663452000
Chroma 3 Case,0.74,1663538400
Chroma 3 Case,0.73,1663624800
Chroma 3 Case,0.72,1663711200
Chroma 3 Case,0.7,1663797600
Chroma 3 Case,0.7,1663884000
Chroma 3 Case,0.7,1663970400
Chroma 3 Case,0.69,1664056800
Chroma 3 Case,0.68,1664143200
Chroma 3 Case,0.67,1664229600
Chroma 3 Case,0.68,1664316000
Chroma 3 Case,0.7,1664402400
Chroma 3 Case,0.71,1664488800
Chroma 3 Case,0.71,1664575200
Chroma 3 Case,0.69,1664661600
Chroma 3 Case,0.7,1664748000
Chroma 3 Case,0.7,1664834400
Chroma 3 Case,0.7,1664920800
Chroma 3 Case,0.7,1665007200
Chroma 3 Case,0.72,1665093600
Chroma 3 Case,0.71,1665180000
Chroma 3 Case,0.71,1665266400
Chroma 3 Case,0.72,1665352800
Chroma 3 Case,0.71,1665439200
Chroma 3 Case,0.7,1665525600
Chroma 3 Case,0.7,1665612000
Chroma 3 Case,0.69,1665698400
Chroma 3 Case,0.71,1665784800
Chroma 3 Case,0.72,1665871200
Chroma 3 Case,0.72,1665957600
Chroma 3 Case,0.71,1666044000
Chroma 3 Case,0.73,1666130400
Chroma 3 Case,0.72,1666216800
Chroma 3 Case,0.73,1666303200
Chroma 3 Case,0.7,1666389600
Chroma 3 Case,0.69,1666476000
Chroma 3 Case,0.69,1666562400
Chroma 3 Case,0.68,1666648800
Chroma 3 Case,0.68,1666735200
Chroma 3 Case,0.68,1666821600
Chroma 3 Case,0.69,1666908000
Chroma 3 Case,0.68,1666994400
Chroma 3 Case,0.66,1667080800
Chroma 3 Case,0.66,1667167200
Chroma 3 Case,0.65,1667253600
Chroma 3 Case,0.65,1667340000
Chroma 3 Case,0.68,1667426400
Chroma 3 Case,0.69,1667512800
Chroma 3 Case,0.7,1667599200
Chroma 3 Case,0.69,1667685600
Chroma 3 Case,0.67,1667772000
Chroma 3 Case,0.68,1667858400
Chroma 3 Case,0.67,1667944800
Chroma 3 Case,0.68,1668031200
Chroma 3 Case,0.7,1668117600
Chroma 3 Case,0.68,1668204000
Chroma 3 Case,0.69,1668290400
Chroma 3 Case,0.68,1668376800
Chroma 3 Case,0.66,1668463200
Chroma 3 Case,0.67,1668549600
Chroma 3 Case,0.67,1668636000
Chroma 3 Case,0.64,1668722400
Chroma 3 Case,0.61,1668808800
Chroma 3 Case,0.58,1668895200
Chroma 3 Case,0.57,1668981600
Chroma 3 Case,0.57,1669068000
Chroma 3 Case,0.55,1669154400
Chroma 3 Case,0.55,1669240800
Chroma 3 Case,0.56,1669327200
Chroma 3 Case,0.58,1669413600
Chroma 3 Case,0.58,1669500000
Chroma 3 Case,0.57,1669586400
Chroma 3 Case,0.58,1669672800
Chroma 3 Case,0.59,1669759200
Chroma 3 Case,0.58,1669845600
Chroma 3 Case,0.63,1669932000
Chroma 3 Case,0.63,1670018400
Chroma 3 Case,0.64,1670104800
Chroma 3 Case,0.63,1670191200
Chroma 3 Case,0.62,1670277600
Chroma 3 Case,0.63,1670364000
Chroma 3 Case,0.62,1670450400
Chroma 3 Case,0.64,1670536800
Chroma 3 Case,0.65,1670623200
Chroma 3 Case,0.64,1670709600
Chroma 3 Case,0.64,1670796000
Chroma 3 Case,0.63,1670882400
Chroma 3 Case,0.63,1670968800
Chroma 3 Case,0.66,1671055200
Chroma 3 Case,0.66,1671141600
Chroma 3 Case,0.66,1671228000
Chroma 3 Case,0.65,1671314400
Chroma 3 Case,0.66,1671400800
Chroma 3 Case,0.64,1671487200
Chroma 3 Case,0.65,1671573600
Chroma 3 Case,0.66,1671660000
Chroma 3 Case,0.66,1671746400
Chroma 3 Case,0.68,1671832800
Chroma 3 Case,0.67,1671919200
Chroma 3 Case,0.66,1672005600
Chroma 3 Case,0.67,1672092000
Chroma 3 Case,0.67,1672178400
Chroma 3 Case,0.69,1672264800
Chroma 3 Case,0.69,1672351200
Chroma 3 Case,0.7,1672437600
Chroma 3 Case,0.71,1672524000
Chroma 3 Case,0.7,1672610400
Chroma 3 Case,0.68,1672696800
Chroma 3 Case,0.7,1672783200
Chroma 3 Case,0.7,1672869600
Chroma 3 Case,0.72,1672956000
Chroma 3 Case,0.71,1673042400
Chroma 3 Case,0.72,1673128800
Chroma 3 Case,0.72,1673215200
Chroma 3 Case,0.74,1673301600
Chroma 3 Case,0.75,1673388000
Chroma 3 Case,0.77,1673474400
Chroma 3 Case,0.77,1673560800
Chroma 3 Case,0.77,1673647200
Chroma 3 Case,0.77,1673733600
Chroma 3 Case,0.8,1673820000
Chroma 3 Case,0.78,1673906400
Chroma 3 Case,0.8,1673992800
Chroma 3 Case,0.81,1674079200
Chroma 3 Case,0.81,1674165600
Chroma 3 Case,0.83,1674252000
Chroma 3 Case,0.83,1674338400
Chroma 3 Case,0.83,1674424800
Chroma 3 Case,0.83,1674511200
Chroma 3 Case,0.83,1674597600
Chroma 3 Case,0.83,1674684000
Chroma 3 Case,0.83,1674770400
Chroma 3 Case,0.85,1674856800
Chroma 3 Case,0.84,1674943200
Chroma 3 Case,0.84,1675029600
Chroma 3 Case,0.84,1675116000
Chroma 3 Case,0.84,1675202400
Chroma 3 Case,0.84,1675288800
Chroma 3 Case,0.84,1675375200
Chroma 3 Case,0.85,1675461600
Chroma 3 Case,0.87,1675548000
Chroma 3 Case,0.89,1675634400
Chroma 3 Case,0.89,1675720800
Chroma 3 Case,0.9,1675807200
Chroma 3 Case,0.9,1675893600
Chroma 3 Case,0.91,1675980000
Chroma 3 Case,0.92,1676066400
Chroma 3 Case,0.92,1676152800
Chroma 3 Case,0.92,1676239200
Chroma 3 Case,0.92,1676325600
Chroma 3 Case,0.93,1676412000
Chroma 3 Case,0.94,1676498400
Chroma 3 Case,0.94,1676584800
Chroma 3 Case,0.93,1676671200
Chroma 3 Case,0.94,1676757600
Chroma 3 Case,0.94,1676844000
Chroma 3 Case,0.97,1676930400
Chroma 3 Case,0.96,1677016800
Chroma 3 Case,0.98,1677103200
Chroma 3 Case,0.99,1677189600
Chroma 3 Case,0.99,1677276000
Chroma 3 Case,0.99,1677362400
Chroma 3 Case,0.97,1677448800
Chroma 3 Case,1.0,1677535200
Chroma 3 Case,1.03,1677621600
Chroma 3 Case,1.05,1677708000
Chroma 3 Case,1.07,1677794400
Chroma 3 Case,1.1,1677880800
Chroma 3 Case,1.12,1677967200
Chroma 3 Case,1.12,1678053600
Chroma 3 Case,1.09,1678140000
Chroma 3 Case,1.08,1678226400
Chroma 3 Case,1.12,1678312800
Chroma 3 Case,1.12,1678399200
Chroma 3 Case,1.13,1678485600
Chroma 3 Case,1.13,1678572000
Chroma 3 Case,1.12,1678658400
Chroma 3 Case,1.15,1678744800
Chroma 3 Case,1.13,1678831200
Chroma 3 Case,1.14,1678917600
Chroma 3 Case,1.12,1679004000
Chroma 3 Case,1.12,1679090400
Chroma 3 Case,1.1,1679176800
Chroma 3 Case,1.09,1679263200
Chroma 3 Case,1.1,1679349600
Chroma 3 Case,1.1,1679436000
Chroma 3 Case,1.24,1679522400
Chroma 3 Case,1.42,1679608800
Chroma 3 Case,1.55,1679695200
Chroma 3 Case,1.48,1679781600
Chroma 3 Case,1.5,1679868000
Chroma 3 Case,1.57,1679954400
Chroma 3 Case,1.56,1680040800
Chroma 3 Case,1.74,1680127200
Chroma 3 Case,1.98,1680213600
Chroma 3 Case,2.03,1680300000
Chroma 3 Case,2.02,1680386400
Chroma 3 Case,1.9,1680472800
Chroma 3 Case,1.89,1680559200
Chroma 3 Case,2.04,1680645600
Chroma 3 Case,2.05,1680732000
Chroma 3 Case,2.2,1680818400
Chroma 3 Case,2.44,1680904800
Chroma 3 Case,2.35,1680991200
Chroma 3 Case,2.24,1681077600
Chroma 3 Case,2.23,1681164000
Chroma 3 Case,2.23,1681250400
Chroma 3 Case,2.18,1681336800
Chroma 3 Case,2.34,1681423200
Chroma 3 Case,2.51,1681509600
Chroma 3 Case,2.71,1681596000
Chroma 3 Case,2.69,1681682400
Chroma 3 Case,2.73,1681768800
Chroma 3 Case,2.65,1681855200
Chroma 3 Case,2.46,1681941600
Chroma 3 Case,2.37,1682028000
Chroma 3 Case,2.29,1682114400
Chroma 3 Case,2.07,1682200800
Chroma 3 Case,2.02,1682287200
Chroma 3 Case,1.91,1682373600
Chroma 3 Case,1.83,1682460000
Chroma 3 Case,1.99,1682546400
Chroma 3 Case,2.13,1682632800
Chroma 3 Case,2.27,1682719200
Chroma 3 Case,2.25,1682805600
Chroma 3 Case,2.17,1682892000
Chroma 3 Case,2.18,1682978400
Chroma 3 Case,2.22,1683064800
Chroma 3 Case,2.23,1683151200
Chroma 3 Case,2.13,1683237600
Chroma 3 Case,2.19,1683324000
Chroma 3 Case,2.14,1683410400
Chroma 3 Case,2.05,1683496800
Chroma 3 Case,2.08,1683583200
Chroma 3 Case,2.11,1683669600
Chroma 3 Case,2.2,1683756000
Chroma 3 Case,2.21,1683842400
Chroma 3 Case,2.24,1683928800
Chroma 3 Case,2.23,1684015200
Chroma 3 Case,2.26,1684101600
Chroma 3 Case,2.28,1684188000
Chroma 3 Case,2.23,1684274400
Chroma 3 Case,2.24,1684360800
Chroma 3 Case,2.26,1684447200
Chroma 3 Case,2.28,1684533600
Chroma 3 Case,2.24,1684620000
Chroma 3 Case,2.24,1684706400
Chroma 3 Case,2.27,1684792800
Chroma 3 Case,2.28,1684879200
Chroma 3 Case,2.33,1684965600
Chroma 3 Case,2.38,1685052000
Chroma 3 Case,2.38,1685138400
Chroma 3 Case,2.34,1685224800
Chroma 3 Case,2.41,1685311200
Chroma 3 Case,2.46,1685397600
Chroma 3 Case,2.39,1685484000
Chroma 3 Case,2.52,1685570400
Chroma 3 Case,2.54,1685656800
Chroma 3 Case,2.64,1685743200
Chroma 3 Case,2.65,1685829600
Chroma 3 Case,2.65,1685916000
Chroma 3 Case,2.61,1686002400
Chroma 3 Case,2.62,1686088800
Chroma 3 Case,2.64,1686175200
Chroma 3 Case,2.66,1686261600
Chroma 3 Case,2.68,1686348000
Chroma 3 Case,2.66,1686434400
Chroma 3 Case,2.62,1686520800
Chroma 3 Case,2.6,1686607200
Chroma 3 Case,2.59,1686693600
Chroma 3 Case,2.62,1686780000
Chroma 3 Case,2.66,1686866400
Chroma 3 Case,2.66,1686952800
Chroma 3 Case,2.61,1687039200
Chroma 3 Case,2.63,1687125600
Chroma 3 Case,2.51,1687212000
Chroma 3 Case,2.54,1687298400
Chroma 3 Case,2.52,1687384800
Chroma 3 Case,2.49,1687471200
Chroma 3 Case,2.52,1687557600
Chroma 3 Case,2.49,1687644000
Chroma 3 Case,2.5,1687730400
Chroma 3 Case,2.46,1687816800
Chroma 3 Case,2.44,1687903200
Chroma 3 Case,2.39,1687989600
Chroma 3 Case,2.21,1688076000
Chroma 3 Case,2.27,1688162400
Chroma 3 Case,2.18,1688248800
Chroma 3 Case,2.17,1688335200
Chroma 3 Case,2.19,1688421600
Chroma 3 Case,2.2,1688508000
Chroma 3 Case,2.17,1688594400
Chroma 3 Case,2.19,1688680800
Chroma 3 Case,2.15,1688767200
Chroma 3 Case,2.13,1688853600
Chroma 3 Case,2.17,1688940000
Chroma 3 Case,2.16,1689026400
Chroma 3 Case,2.15,1689112800
Chroma 3 Case,2.21,1689199200
Chroma 3 Case,2.3,1689285600
Chroma 3 Case,2.38,1689372000
Chroma 3 Case,2.43,1689458400
Chroma 3 Case,2.44,1689544800
Chroma 3 Case,2.43,1689631200
Chroma 3 Case,2.46,1689717600
Chroma 3 Case,2.48,1689804000
Chroma 3 Case,2.5,1689890400
Chroma 3 Case,2.61,1689976800
Chroma 3 Case,2.57,1690063200
Chroma 3 Case,2.66,1690149600
Chroma 3 Case,2.69,1690236000
Chroma 3 Case,2.75,1690322400
Chroma 3 Case,2.8,1690408800
Chroma 3 Case,2.77,1690495200
Chroma 3 Case,2.81,1690581600
Chroma 3 Case,2.83,1690668000
Chroma 3 Case,2.87,1690754400
Chroma 3 Case,2.85,1690840800
Chroma 3 Case,2.81,1690927200
Chroma 3 Case,2.76,1691013600
Chroma 3 Case,2.76,1691100000
Chroma 3 Case,2.75,1691186400
Chroma 3 Case,2.69,1691272800
Chroma 3 Case,2.69,1691359200
Chroma 3 Case,2.63,1691445600
Chroma 3 Case,2.65,1691532000
Chroma 3 Case,2.61,1691618400
Chroma 3 Case,2.55,1691704800
Chroma 3 Case,2.62,1691791200
Chroma 3 Case,2.51,1691877600
Chroma 3 Case,2.52,1691964000
Chroma 3 Case,2.54,1692050400
Chroma 3 Case,2.45,1692136800
Chroma 3 Case,2.52,1692223200
Chroma 3 Case,2.56,1692309600
Chroma 3 Case,2.52,1692396000
Chroma 3 Case,2.54,1692482400
Chroma 3 Case,2.48,1692568800
Chroma 3 Case,2.49,1692655200
Chroma 3 Case,2.43,1692741600
Chroma 3 Case,2.49,1692828000
Chroma 3 Case,2.52,1692914400
Chroma 3 Case,2.5,1693000800
Chroma 3 Case,2.44,1693087200
Chroma 3 Case,2.4,1693173600
Chroma 3 Case,2.4,1693260000
Chroma 3 Case,2.42,1693346400
Chroma 3 Case,2.38,1693432800
Chroma 3 Case,2.46,1693519200
Chroma 3 Case,2.47,1693605600
Chroma 3 Case,2.5,1693692000
Chroma 3 Case,2.54,1693778400
Chroma 3 Case,2.43,1693864800
Chroma 3 Case,2.4,1693951200
Chroma 3 Case,2.42,1694037600
Chroma 3 Case,2.45,1694124000
Chroma 3 Case,2.49,1694210400
Chroma 3 Case,2.49,1694296800
Chroma 3 Case,2.48,1694383200
Chroma 3 Case,2.56,1694469600
Chroma 3 Case,2.52,1694556000
Chroma 3 Case,2.57,1694642400
Chroma 3 Case,2.58,1694728800
Chroma 3 Case,2.59,1694815200
Chroma 3 Case,2.58,1694901600
Chroma 3 Case,2.56,1694988000
Chroma 3 Case,2.58,1695074400
Chroma 3 Case,2.61,1695160800
Chroma 3 Case,2.6,1695247200
Chroma 3 Case,2.62,1695333600
Chroma 3 Case,2.61,1695420000
Chroma 3 Case,2.6,1695506400
Chroma 3 Case,2.63,1695592800
Chroma 3 Case,2.6,1695679200
Chroma 3 Case,2.67,1695765600
Chroma 3 Case,2.75,1695852000
Chroma 3 Case,2.78,1695938400
Chroma 3 Case,2.79,1696024800
Chroma 3 Case,2.81,1696111200
Chroma 3 Case,2.81,1696197600
Chroma 3 Case,2.78,1696284000
Chroma 3 Case,2.78,1696370400
Chroma 3 Case,2.81,1696456800
Chroma 3 Case,2.83,1696543200
Chroma 3 Case,2.87,1696629600
Chroma 3 Case,2.82,1696716000
Chroma 3 Case,2.81,1696802400
Chroma 3 Case,2.79,1696888800
Chroma 3 Case,2.78,1696975200
Chroma 3 Case,2.82,1697061600
Chroma 3 Case,2.83,1697148000
Chroma 3 Case,2.82,1697234400
Chroma 3 Case,2.77,1697320800
Chroma 3 Case,2.78,1697407200
Chroma 3 Case,2.76,1697493600
Chroma 3 Case,2.75,1697580000
Chroma 3 Case,2.76,1697666400
Chroma 3 Case,2.78,1697752800
Chroma 3 Case,2.76,1697839200
Chroma 3 Case,2.73,1697925600
Chroma 3 Case,2.68,1698012000
Chroma 3 Case,2.72,1698098400
Chroma 3 Case,2.72,1698184800
Chroma 3 Case,2.69,1698271200
Chroma 3 Case,2.65,1698357600
Chroma 3 Case,2.64,1698444000
Chroma 3 Case,2.57,1698530400
Chroma 3 Case,2.55,1698616800
Chroma 3 Case,2.52,1698703200
Chroma 3 Case,2.51,1698789600
Chroma 3 Case,2.49,1698876000
Chroma 3 Case,2.53,1698962400
Chroma 3 Case,2.58,1699048800
Chroma 3 Case,2.56,1699135200
Chroma 3 Case,2.56,1699221600
Chroma 3 Case,2.55,1699308000
Chroma 3 Case,2.55,1699394400
Chroma 3 Case,2.52,1699480800
Chroma 3 Case,2.49,1699567200
Chroma 3 Case,2.47,1699653600
Chroma 3 Case,2.41,1699740000
Chroma 3 Case,2.35,1699826400
Chroma 3 Case,2.34,1699912800
Chroma 3 Case,2.31,1699999200
Chroma 3 Case,2.13,1700085600
Chroma 3 Case,2.12,1700172000
Chroma 3 Case,2.14,1700258400
Chroma 3 Case,2.16,1700344800
Chroma 3 Case,2.15,1700431200
Chroma 3 Case,2.13,1700517600
Chroma 3 Case,2.06,1700604000
Chroma 3 Case,2.07,1700690400
Chroma 3 Case,2.07,1700776800
Chroma 3 Case,2.04,1700863200
Chroma 3 Case,2.08,1700949600
Chroma 3 Case,2.09,1701036000
Chroma 3 Case,2.09,1701122400
Chroma 3 Case,2.12,1701208800
Chroma 3 Case,2.19,1701295200
Chroma 3 Case,2.24,1701381600
Chroma 3 Case,2.27,1701468000
Chroma 3 Case,2.27,1701554400
Chroma 3 Case,2.24,1701640800
Chroma 3 Case,2.21,1701727200
Chroma 3 Case,2.22,1701813600
Chroma 3 Case,2.23,1701900000
Chroma 3 Case,2.26,1701986400
Chroma 3 Case,2.28,1702072800
Chroma 3 Case,2.27,1702159200
Chroma 3 Case,2.28,1702245600
Chroma 3 Case,2.27,1702332000
Chroma 3 Case,2.23,1702418400
Chroma 3 Case,2.29,1702504800
Chroma 3 Case,2.23,1702591200
Chroma 3 Case,2.24,1702677600
Chroma 3 Case,2.23,1702764000
Chroma 3 Case,2.23,1702850400
Chroma 3 Case,2.23,1702936800
Chroma 3 Case,2.18,1703023200
Chroma 3 Case,2.18,1703109600
Chroma 3 Case,2.15,1703196000
Chroma 3 Case,2.13,1703282400
Chroma 3 Case,2.12,1703368800
Chroma 3 Case,2.14,1703455200
Chroma 3 Case,2.15,1703541600
Chroma 3 Case,2.11,1703628000
Chroma 3 Case,2.22,1703714400
Chroma 3 Case,2.27,1703800800
Chroma 3 Case,2.21,1703887200
Chroma 3 Case,2.21,1703973600
Chroma 3 Case,2.21,1704060000
Chroma 3 Case,2.17,1704146400
Chroma 3 Case,2.17,1704232800
Chroma 3 Case,2.15,1704319200
Chroma 3 Case,2.21,1704405600
Chroma 3 Case,2.22,1704492000
Chroma 3 Case,2.2,1704578400
Chroma 3 Case,2.18,1704664800
Chroma 3 Case,2.15,1704751200
Chroma 3 Case,2.13,1704837600
Chroma 3 Case,2.16,1704924000
Chroma 3 Case,2.23,1705010400
Chroma 3 Case,2.29,1705096800
Chroma 3 Case,2.25,1705183200
Chroma 3 Case,2.27,1705269600
Chroma 3 Case,2.25,1705356000
Chroma 3 Case,2.28,1705442400
Chroma 3 Case,2.24,1705528800
Chroma 3 Case,2.21,1705615200
Chroma 3 Case,2.18,1705701600
Chroma 3 Case,2.11,1705788000
Chroma 3 Case,2.08,1705874400
Chroma 3 Case,2.02,1705960800
Chroma 3 Case,2.0,1706047200
Chroma 3 Case,2.01,1706133600
Chroma 3 Case,2.04,1706220000
Chroma 3 Case,2.01,1706306400
Chroma 3 Case,2.02,1706392800
Chroma 3 Case,1.97,1706479200
Chroma 3 Case,2.03,1706565600
Chroma 3 Case,2.1,1706652000
Chroma 3 Case,2.05,1706738400
Chroma 3 Case,2.1,1706824800
Chroma 3 Case,2.14,1706911200
Chroma 3 Case,2.12,1706997600
Chroma 3 Case,2.1,1707084000
Chroma 3 Case,2.1,1707170400
Chroma 3 Case,2.02,1707256800
Chroma 3 Case,2.0,1707343200
Chroma 3 Case,2.06,1707429600
Chroma 3 Case,2.08,1707516000
Chroma 3 Case,2.08,1707602400
Chroma 3 Case,2.11,1707688800
Chroma 3 Case,2.11,1707775200
Chroma 3 Case,2.08,1707861600
Chroma 3 Case,2.1,1707948000
Chroma 3 Case,2.12,1708034400
Chroma 3 Case,2.12,1708120800
Chroma 3 Case,2.1,1708207200
Chroma 3 Case,2.05,1708293600
Chroma 3 Case,2.07,1708380000
Chroma 3 Case,2.04,1708466400
Chroma 3 Case,2.01,1708552800
Chroma 3 Case,2.07,1708639200
Chroma 3 Case,2.08,1708725600
Chroma 3 Case,2.05,1708812000
Chroma 3 Case,2.06,1708898400
Chroma 3 Case,2.04,1708984800
Chroma 3 Case,2.03,1709071200
Chroma 3 Case,2.11,1709157600
Chroma 3 Case,2.12,1709244000
Chroma 3 Case,2.15,1709330400
Chroma 3 Case,2.17,1709416800
Chroma 3 Case,2.18,1709503200
Chroma 3 Case,2.23,1709589600
Chroma 3 Case,2.2,1709676000
Chroma 3 Case,2.23,1709762400
Chroma 3 Case,2.18,1709848800
Chroma 3 Case,2.19,1709935200
Chroma 3 Case,2.21,1710021600
Chroma 3 Case,2.18,1710108000
Chroma 3 Case,2.14,1710194400
Chroma 3 Case,2.1,1710280800
Chroma 3 Case,2.01,1710367200
Chroma 3 Case,2.04,1710453600
Chroma 3 Case,2.02,1710540000
Chroma 3 Case,1.99,1710626400
Chroma 3 Case,1.99,1710712800
Chroma 3 Case,2.02,1710799200
Chroma 3 Case,2.04,1710885600
Chroma 3 Case,2.04,1710972000
Chroma 3 Case,2.11,1711058400
Chroma 3 Case,2.1,1711144800
Chroma 3 Case,2.16,1711231200
Chroma 3 Case,2.16,1711317600
Chroma 3 Case,2.17,1711404000
Chroma 3 Case,2.17,1711490400
Chroma 3 Case,2.22,1711576800
Chroma 3 Case,2.22,1711663200
Chroma 3 Case,2.26,1711749600
Chroma 3 Case,2.28,1711836000
Chroma 3 Case,2.24,1711922400
Chroma 3 Case,2.33,1712008800
Chroma 3 Case,2.37,1712095200
Chroma 3 Case,2.4,1712181600
Chroma 3 Case,2.48,1712268000
Chroma 3 Case,2.54,1712354400
Chroma 3 Case,2.56,1712440800
Chroma 3 Case,2.58,1712527200
Chroma 3 Case,2.54,1712613600
Chroma 3 Case,2.55,1712700000
Chroma 3 Case,2.56,1712786400
Chroma 3 Case,2.62,1712872800
Chroma 3 Case,2.54,1712959200
Chroma 3 Case,2.52,1713045600
Chroma 3 Case,2.56,1713132000
Chroma 3 Case,2.55,1713218400
Chroma 3 Case,2.46,1713304800
Chroma 3 Case,2.55,1713391200
Chroma 3 Case,2.56,1713477600
Chroma 3 Case,2.57,1713564000
Chroma 3 Case,2.5,1713650400
Chroma 3 Case,2.5,1713736800
Chroma 3 Case,2.49,1713823200
Chroma 3 Case,2.49,1713909600
Chroma 3 Case,2.51,1713996000
Chroma 3 Case,2.49,1714082400
Chroma 3 Case,2.45,1714168800
Chroma 3 Case,2.42,1714255200
Chroma 3 Case,2.38,1714341600
Chroma 3 Case,2.43,1714428000
Chroma 3 Case,2.47,1714514400
Chroma 3 Case,2.48,1714600800
Chroma 3 Case,2.53,1714687200
Chroma 3 Case,2.52,1714773600
Chroma 3 Case,2.5,1714860000
Chroma 3 Case,2.55,1714946400
Chroma 3 Case,2.54,1715032800
Chroma 3 Case,2.53,1715119200
Chroma 3 Case,2.54,1715205600
Chroma 3 Case,2.62,1715292000
Chroma 3 Case,2.62,1715378400
Chroma 3 Case,2.57,1715464800
Chroma 3 Case,2.54,1715551200
Chroma 3 Case,2.57,1715637600
Chroma 3 Case,2.54,1715724000
Chroma 3 Case,2.52,1715810400
Chroma 3 Case,2.5,1715896800
Chroma 3 Case,2.51,1715983200
Chroma 3 Case,2.48,1716069600
Chroma 3 Case,2.52,1716156000
Chroma 3 Case,2.5,1716242400
Chroma 3 Case,2.41,1716328800
Chroma 3 Case,2.38,1716415200
Chroma 3 Case,2.38,1716501600
Chroma 3 Case,2.44,1716588000
Chroma 3 Case,2.44,1716674400
Chroma 3 Case,2.5,1716760800
Chroma 3 Case,2.5,1716847200
Chroma 3 Case,2.42,1716933600
Chroma 3 Case,2.48,1717020000
Chroma 3 Case,2.54,1717106400
Chroma 3 Case,2.59,1717192800
Chroma 3 Case,2.63,1717279200
Chroma 3 Case,2.64,1717365600
Chroma 3 Case,2.67,1717452000
Chroma 3 Case,2.68,1717538400
Chroma 3 Case,2.66,1717624800
Chroma 3 Case,2.75,1717711200
Chroma 3 Case,2.71,1717797600
Chroma 3 Case,2.69,1717884000
Chroma 3 Case,2.66,1717970400
Chroma 3 Case,2.69,1718056800
Chroma 3 Case,2.71,1718143200
Chroma 3 Case,2.74,1718229600
Chroma 3 Case,2.74,1718316000
Chroma 3 Case,2.73,1718402400
Chroma 3 Case,2.65,1718488800
Chroma 3 Case,2.6,1718575200
Chroma 3 Case,2.6,1718661600
Chroma 3 Case,2.52,1718748000
Chroma 3 Case,2.47,1718834400
Chroma 3 Case,2.48,1718920800
Chroma 3 Case,2.49,1719007200
Chroma 3 Case,2.47,1719093600
Chroma 3 Case,2.51,1719180000
Chroma 3 Case,2.52,1719266400
Chroma 3 Case,2.57,1719352800
Chroma 3 Case,2.56,1719439200
Chroma 3 Case,2.49,1719525600
Chroma 3 Case,2.49,1719612000
Chroma 3 Case,2.51,1719698400
Chroma 3 Case,2.52,1719784800
Chroma 3 Case,2.56,1719871200
Chroma 3 Case,2.57,1719957600
Chroma 3 Case,2.6,1720044000
Chroma 3 Case,2.57,1720130400
Chroma 3 Case,2.59,1720216800
Chroma 3 Case,2.6,1720303200
Chroma 3 Case,2.59,1720389600
Chroma 3 Case,2.59,1720476000
Chroma 3 Case,2.51,1720562400
Chroma 3 Case,2.47,1720648800
Chroma 3 Case,2.57,1720735200
Chroma 3 Case,2.5,1720821600
Chroma 3 Case,2.54,1720908000
Chroma 3 Case,2.56,1720994400
Chroma 3 Case,2.58,1721080800
Chroma 3 Case,2.55,1721167200
Chroma 3 Case,2.57,1721253600
Chroma 3 Case,2.59,1721340000
Chroma 3 Case,2.6,1721426400
Chroma 3 Case,2.62,1721512800
Chroma 3 Case,2.64,1721599200
Chroma 3 Case,2.6,1721685600
Chroma 3 Case,2.54,1721772000
Chroma 3 Case,2.56,1721858400
Chroma 3 Case,2.57,1721944800
Chroma 3 Case,2.57,1722031200
Chroma 3 Case,2.58,1722117600
Chroma 3 Case,2.6,1722204000
Chroma 3 Case,2.62,1722290400
Chroma 3 Case,2.64,1722376800
Chroma 3 Case,2.65,1722463200
Chroma 3 Case,2.71,1722549600
Chroma 3 Case,2.72,1722636000
Chroma 3 Case,2.74,1722722400
Chroma 3 Case,2.74,1722808800
Chroma 3 Case,2.75,1722895200
Chroma 3 Case,2.74,1722981600
Chroma 3 Case,2.7,1723068000
Chroma 3 Case,2.74,1723154400
Chroma 3 Case,2.74,1723240800
Chroma 3 Case,2.73,1723327200
Chroma 3 Case,2.73,1723413600
Chroma 3 Case,2.72,1723500000
Chroma 3 Case,2.74,1723586400
Chroma 3 Case,2.69,1723672800
Chroma 3 Case,2.66,1723759200
Chroma 3 Case,2.72,1723845600
Chroma 3 Case,2.66,1723932000
Chroma 3 Case,2.59,1724018400
Chroma 3 Case,2.58,1724104800
Chroma 3 Case,2.56,1724191200
Chroma 3 Case,2.57,1724277600
Chroma 3 Case,2.6,1724364000
Chroma 3 Case,2.68,1724450400
Chroma 3 Case,2.63,1724536800
Chroma 3 Case,2.6,1724623200
Chroma 3 Case,2.62,1724709600
Chroma 3 Case,2.63,1724796000
Chroma 3 Case,2.69,1724882400
Chroma 3 Case,2.73,1724968800
Chroma 3 Case,2.77,1725055200
Chroma 3 Case,2.79,1725141600
Chroma 3 Case,2.78,1725228000
Chroma 3 Case,2.76,1725314400
Chroma 3 Case,2.83,1725400800
Chroma 3 Case,2.82,1725487200
Chroma 3 Case,2.81,1725573600
Chroma 3 Case,2.81,1725660000
Chroma 3 Case,2.77,1725746400
Chroma 3 Case,2.8,1725832800
Chroma 3 Case,2.83,1725919200
Chroma 3 Case,2.88,1726005600
Chroma 3 Case,2.88,1726092000
Chroma 3 Case,2.89,1726178400
Chroma 3 Case,2.9,1726264800
Chroma 3 Case,2.9,1726351200
Chroma 3 Case,2.89,1726437600
Chroma 3 Case,2.86,1726524000
Chroma 3 Case,2.91,1726610400
Chroma 3 Case,2.88,1726696800
Chroma 3 Case,2.87,1726783200
Chroma 3 Case,2.88,1726869600
Chroma 3 Case,2.85,1726956000
Chroma 3 Case,2.79,1727042400
Chroma 3 Case,2.75,1727128800
Chroma 3 Case,2.83,1727215200
Chroma 3 Case,2.86,1727301600
Chroma 3 Case,2.88,1727388000
Chroma 3 Case,2.88,1727474400
Chroma 3 Case,2.88,1727560800
Chroma 3 Case,2.83,1727647200
Chroma 3 Case,2.82,1727733600
Chroma 3 Case,2.82,1727820000
Chroma 3 Case,2.65,1727906400
Chroma 3 Case,2.66,1727992800
Chroma 3 Case,2.69,1728079200
Chroma 3 Case,2.72,1728165600
Chroma 3 Case,2.78,1728252000
Chroma 3 Case,2.81,1728338400
Chroma 3 Case,2.78,1728424800
Chroma 3 Case,2.79,1728511200
Chroma 3 Case,2.77,1728597600
Chroma 3 Case,2.78,1728684000
Chroma 3 Case,2.72,1728770400
Chroma 3 Case,2.73,1728856800
Chroma 3 Case,2.73,1728943200
Chroma 3 Case,2.74,1729029600
Chroma 3 Case,2.79,1729116000
Chroma 3 Case,2.8,1729202400
Chroma 3 Case,2.85,1729288800
Chroma 3 Case,2.78,1729375200
Chroma 3 Case,2.77,1729461600
Chroma 3 Case,2.81,1729548000
Chroma 3 Case,2.79,1729634400
Chroma 3 Case,2.81,1729720800
Chroma 3 Case,2.8,1729807200
Chroma 3 Case,2.81,1729893600
Chroma 3 Case,2.79,1729980000
Chroma 3 Case,2.79,1730066400
Chroma 3 Case,2.79,1730152800
Chroma 3 Case,2.79,1730239200
Chroma 3 Case,2.78,1730325600
Chroma 3 Case,2.83,1730412000
Chroma 3 Case,2.83,1730498400
Chroma 3 Case,2.83,1730584800
Chroma 3 Case,2.81,1730671200
Chroma 3 Case,2.83,1730757600
Chroma 3 Case,2.85,1730844000
Chroma 3 Case,2.87,1730930400
Chroma 3 Case,2.86,1731016800
Chroma 3 Case,2.89,1731103200
Chroma 3 Case,2.87,1731189600
Chroma 3 Case,2.85,1731276000
Chroma 3 Case,2.82,1731362400
Chroma 3 Case,2.83,1731448800
Chroma 3 Case,2.86,1731535200
Chroma 3 Case,2.85,1731621600
Chroma 3 Case,2.84,1731708000
Chroma 3 Case,2.84,1731794400
Chroma 3 Case,2.83,1731880800
Chroma 3 Case,2.85,1731967200
Chroma 3 Case,2.86,1732053600
Chroma 3 Case,2.87,1732140000
Chroma 3 Case,2.88,1732226400
Chroma 3 Case,2.84,1732312800
Chroma 3 Case,2.85,1732399200
Chroma 3 Case,2.8,1732485600
Chroma 3 Case,2.82,1732572000
Chroma 3 Case,2.82,1732658400
Chroma 3 Case,2.77,1732744800
Chroma 3 Case,2.75,1732831200
Chroma 3 Case,2.75,1732917600
Chroma 3 Case,2.79,1733004000
Chroma 3 Case,2.76,1733090400
Chroma 3 Case,2.81,1733176800
Chroma 3 Case,2.83,1733263200
Chroma 3 Case,2.85,1733349600
Chroma 3 Case,2.87,1733436000
Chroma 3 Case,2.9,1733522400
Chroma 3 Case,2.86,1733608800
Chroma 3 Case,2.88,1733695200
Chroma 3 Case,2.85,1733781600
Chroma 3 Case,2.87,1733868000
Chroma 3 Case,2.9,1733954400
Chroma 3 Case,2.88,1734040800
Chroma 3 Case,2.94,1734127200
Chroma 3 Case,2.93,1734213600
Chroma 3 Case,2.95,1734300000
Chroma 3 Case,2.92,1734386400
Chroma 3 Case,2.93,1734472800
Chroma 3 Case,2.89,1734559200
Chroma 3 Case,2.92,1734645600
Chroma 3 Case,2.87,1734732000
Chroma 3 Case,2.91,1734818400
Chroma 3 Case,2.97,1734904800
Chroma 3 Case,3.06,1734991200
Chroma 3 Case,3.17,1735077600
Chroma 3 Case,3.36,1735164000
Chroma 3 Case,3.35,1735250400
Chroma 3 Case,3.31,1735336800
Chroma 3 Case,3.32,1735423200
Chroma 3 Case,3.35,1735509600
Chroma 3 Case,3.38,1735596000
Chroma 3 Case,3.43,1735682400
Chroma 3 Case,3.42,1735768800
Chroma 3 Case,3.47,1735855200
Chroma 3 Case,3.53,1735941600
Chroma 3 Case,3.56,1736028000
Chroma 3 Case,3.54,1736114400
Chroma 3 Case,3.65,1736200800
Chroma 3 Case,3.64,1736287200
Chroma 3 Case,3.42,1736373600
Chroma 3 Case,3.57,1736460000
Chroma 3 Case,3.94,1736546400
Chroma 3 Case,3.76,1736632800
Chroma 3 Case,3.63,1736719200
Chroma 3 Case,3.73,1736805600
Chroma 3 Case,3.8,1736892000
Chroma 3 Case,3.56,1736978400
Chroma 3 Case,3.56,1737064800
Chroma 3 Case,3.86,1737151200
Chroma 3 Case,3.62,1737237600
Chroma 3 Case,3.62,1737324000
Chroma 3 Case,3.5,1737410400
Chroma 3 Case,3.5,1737496800
Chroma 3 Case,3.48,1737583200
Chroma 3 Case,3.48,1737669600
Chroma 3 Case,3.58,1737756000
Chroma 3 Case,3.61,1737842400
Chroma 3 Case,3.55,1737928800
Chroma 3 Case,3.56,1738015200
Chroma 3 Case,3.47,1738101600
Chroma 3 Case,3.56,1738188000
Chroma 3 Case,3.59,1738274400
Chroma 3 Case,3.65,1738360800
Chroma 3 Case,3.5,1738425600
Chroma 3 Case,3.49,1738429200
Chroma 3 Case,3.46,1738432800
Chroma 3 Case,3.66,1738436400
Chroma 3 Case,3.65,1738440000
Chroma 3 Case,3.72,1738443600
Chroma 3 Case,3.74,1738447200
Chroma 3 Case,3.74,1738450800
Chroma 3 Case,3.76,1738454400
Chroma 3 Case,3.76,1738458000
Chroma 3 Case,3.8,1738461600
Chroma 3 Case,3.46,1738465200
Chroma 3 Case,3.81,1738468800
Chroma 3 Case,3.82,1738472400
Chroma 3 Case,3.64,1738476000
Chroma 3 Case,3.59,1738479600
Chroma 3 Case,3.67,1738483200
Chroma 3 Case,3.58,1738486800
Chroma 3 Case,3.53,1738490400
Chroma 3 Case,3.46,1738494000
Chroma 3 Case,3.5,1738497600
Chroma 3 Case,3.58,1738501200
Chroma 3 Case,3.69,1738504800
Chroma 3 Case,3.63,1738508400
Chroma 3 Case,3.69,1738512000
Chroma 3 Case,3.61,1738515600
Chroma 3 Case,3.58,1738519200
Chroma 3 Case,3.53,1738522800
Chroma 3 Case,3.7,1738526400
Chroma 3 Case,3.73,1738530000
Chroma 3 Case,3.63,1738533600
Chroma 3 Case,3.74,1738537200
Chroma 3 Case,3.74,1738540800
Chroma 3 Case,3.74,1738544400
Chroma 3 Case,3.74,1738548000
Chroma 3 Case,3.75,1738551600
Chroma 3 Case,3.75,1738555200
Chroma 3 Case,3.75,1738558800
Chroma 3 Case,3.54,1738562400
Chroma 3 Case,3.49,1738566000
Chroma 3 Case,3.68,1738569600
Chroma 3 Case,3.5,1738573200
Chroma 3 Case,3.54,1738576800
Chroma 3 Case,3.73,1738580400
Chroma 3 Case,3.69,1738584000
Chroma 3 Case,3.57,1738587600
Chroma 3 Case,3.53,1738591200
Chroma 3 Case,3.56,1738594800
Chroma 3 Case,3.57,1738598400
Chroma 3 Case,3.54,1738602000
Chroma 3 Case,3.63,1738605600
Chroma 3 Case,3.59,1738609200
Chroma 3 Case,3.59,1738612800
Chroma 3 Case,3.68,1738616400
Chroma 3 Case,3.5,1738620000
Chroma 3 Case,3.65,1738623600
Chroma 3 Case,3.7,1738627200
Chroma 3 Case,3.71,1738630800
Chroma 3 Case,3.7,1738634400
Chroma 3 Case,3.71,1738638000
Chroma 3 Case,3.7,1738641600
Chroma 3 Case,3.7,1738645200
Chroma 3 Case,3.6,1738648800
Chroma 3 Case,3.52,1738652400
Chroma 3 Case,3.58,1738656000
Chroma 3 Case,3.53,1738659600
Chroma 3 Case,3.4,1738663200
Chroma 3 Case,3.54,1738666800
Chroma 3 Case,3.56,1738670400
Chroma 3 Case,3.63,1738674000
Chroma 3 Case,3.54,1738677600
Chroma 3 Case,3.44,1738681200
Chroma 3 Case,3.67,1738684800
Chroma 3 Case,3.7,1738688400
Chroma 3 Case,3.7,1738692000
Chroma 3 Case,3.71,1738695600
Chroma 3 Case,3.71,1738699200
Chroma 3 Case,3.56,1738702800
Chroma 3 Case,3.68,1738706400
Chroma 3 Case,3.74,1738710000
Chroma 3 Case,3.69,1738713600
Chroma 3 Case,3.73,1738717200
Chroma 3 Case,3.73,1738720800
Chroma 3 Case,3.42,1738724400
Chroma 3 Case,3.41,1738728000
Chroma 3 Case,3.75,1738731600
Chroma 3 Case,3.42,1738735200
Chroma 3 Case,3.5,1738738800
Chroma 3 Case,3.45,1738742400
Chroma 3 Case,3.51,1738746000
Chroma 3 Case,3.63,1738749600
Chroma 3 Case,3.47,1738753200
Chroma 3 Case,3.5,1738756800
Chroma 3 Case,3.5,1738760400
Chroma 3 Case,3.51,1738764000
Chroma 3 Case,3.56,1738767600
Chroma 3 Case,3.53,1738771200
Chroma 3 Case,3.69,1738774800
Chroma 3 Case,3.72,1738778400
Chroma 3 Case,3.52,1738782000
Chroma 3 Case,3.53,1738785600
Chroma 3 Case,3.7,1738789200
Chroma 3 Case,3.56,1738792800
Chroma 3 Case,3.75,1738796400
Chroma 3 Case,3.85,1738800000
Chroma 3 Case,3.8,1738803600
Chroma 3 Case,3.8,1738807200
Chroma 3 Case,3.76,1738810800
Chroma 3 Case,3.85,1738814400
Chroma 3 Case,3.86,1738818000
Chroma 3 Case,3.76,1738821600
Chroma 3 Case,3.78,1738825200
Chroma 3 Case,3.78,1738828800
Chroma 3 Case,3.77,1738832400
Chroma 3 Case,3.6,1738836000
Chroma 3 Case,3.51,1738839600
Chroma 3 Case,3.62,1738843200
Chroma 3 Case,3.59,1738846800
Chroma 3 Case,3.63,1738850400
Chroma 3 Case,3.56,1738854000
Chroma 3 Case,3.53,1738857600
Chroma 3 Case,3.51,1738861200
Chroma 3 Case,3.58,1738864800
Chroma 3 Case,3.84,1738868400
Chroma 3 Case,3.54,1738872000
Chroma 3 Case,3.61,1738875600
Chroma 3 Case,3.81,1738879200
Chroma 3 Case,3.54,1738882800
Chroma 3 Case,3.82,1738886400
Chroma 3 Case,3.86,1738890000
Chroma 3 Case,3.84,1738893600
Chroma 3 Case,3.84,1738897200
Chroma 3 Case,3.85,1738900800
Chroma 3 Case,3.84,1738904400
Chroma 3 Case,3.59,1738908000
Chroma 3 Case,3.59,1738911600
Chroma 3 Case,3.51,1738915200
Chroma 3 Case,3.52,1738918800
Chroma 3 Case,3.51,1738922400
Chroma 3 Case,3.61,1738926000
Chroma 3 Case,3.75,1738929600
Chroma 3 Case,3.56,1738933200
Chroma 3 Case,3.66,1738936800
Chroma 3 Case,3.59,1738940400
Chroma 3 Case,3.54,1738944000
Chroma 3 Case,3.55,1738947600
Chroma 3 Case,3.59,1738951200
Chroma 3 Case,3.67,1738954800
Chroma 3 Case,3.58,1738958400
Chroma 3 Case,3.58,1738962000
Chroma 3 Case,3.71,1738965600
Chroma 3 Case,3.74,1738969200
Chroma 3 Case,3.8,1738972800
Chroma 3 Case,3.75,1738976400
Chroma 3 Case,3.79,1738980000
Chroma 3 Case,3.75,1738983600
Chroma 3 Case,3.8,1738987200
Chroma 3 Case,3.69,1738990800
Chroma 3 Case,3.5,1738994400
Chroma 3 Case,3.57,1738998000
Chroma 3 Case,3.54,1739001600
Chroma 3 Case,3.42,1739005200
Chroma 3 Case,3.5,1739008800
Chroma 3 Case,3.5,1739012400
Chroma 3 Case,3.51,1739016000
Chroma 3 Case,3.61,1739019600
Chroma 3 Case,3.6,1739023200
Chroma 3 Case,3.58,1739026800
Chroma 3 Case,3.53,1739030400
Chroma 3 Case,3.54,1739034000
Chroma 3 Case,3.61,1739037600
Chroma 3 Case,3.54,1739041200
Chroma 3 Case,3.7,1739044800
Chroma 3 Case,3.7,1739048400
Chroma 3 Case,3.78,1739052000
Chroma 3 Case,3.8,1739055600
Chroma 3 Case,3.82,1739059200
Chroma 3 Case,3.82,1739062800
Chroma 3 Case,3.83,1739066400
Chroma 3 Case,3.85,1739070000
Chroma 3 Case,3.82,1739073600
Chroma 3 Case,3.86,1739077200
Chroma 3 Case,3.85,1739080800
Chroma 3 Case,3.56,1739084400
Chroma 3 Case,3.57,1739088000
Chroma 3 Case,3.54,1739091600
Chroma 3 Case,3.56,1739095200
Chroma 3 Case,3.57,1739098800
Chroma 3 Case,3.58,1739102400
Chroma 3 Case,3.63,1739106000
Chroma 3 Case,3.81,1739109600
Chroma 3 Case,3.81,1739113200
Chroma 3 Case,3.89,1739116800
Chroma 3 Case,3.63,1739120400
Chroma 3 Case,3.59,1739124000
Chroma 3 Case,3.6,1739127600
Chroma 3 Case,3.63,1739131200
Chroma 3 Case,3.63,1739134800
Chroma 3 Case,3.69,1739138400
Chroma 3 Case,3.82,1739142000
Chroma 3 Case,3.84,1739145600
Chroma 3 Case,3.85,1739149200
Chroma 3 Case,3.89,1739152800
Chroma 3 Case,3.88,1739156400
Chroma 3 Case,3.91,1739160000
Chroma 3 Case,3.91,1739163600
Chroma 3 Case,3.83,1739167200
Chroma 3 Case,3.8,1739170800
Chroma 3 Case,3.7,1739174400
Chroma 3 Case,3.59,1739178000
Chroma 3 Case,3.58,1739181600
Chroma 3 Case,3.59,1739185200
Chroma 3 Case,3.58,1739188800
Chroma 3 Case,3.6,1739192400
Chroma 3 Case,3.58,1739196000
Chroma 3 Case,3.61,1739199600
Chroma 3 Case,3.61,1739203200
Chroma 3 Case,3.69,1739206800
Chroma 3 Case,3.61,1739210400
Chroma 3 Case,3.76,1739214000
Chroma 3 Case,3.72,1739217600
Chroma 3 Case,3.62,1739221200
Chroma 3 Case,3.6,1739224800
Chroma 3 Case,3.65,1739228400
Chroma 3 Case,3.77,1739232000
Chroma 3 Case,3.77,1739235600
Chroma 3 Case,3.77,1739239200
Chroma 3 Case,3.77,1739242800
Chroma 3 Case,3.77,1739246400
Chroma 3 Case,3.77,1739250000
Chroma 3 Case,3.6,1739253600
Chroma 3 Case,3.61,1739257200
Chroma 3 Case,3.67,1739260800
Chroma 3 Case,3.6,1739264400
Chroma 3 Case,3.62,1739268000
Chroma 3 Case,3.66,1739271600
Chroma 3 Case,3.6,1739275200
Chroma 3 Case,3.61,1739278800
Chroma 3 Case,3.67,1739282400
Chroma 3 Case,3.68,1739286000
Chroma 3 Case,3.65,1739289600
Chroma 3 Case,3.63,1739293200
Chroma 3 Case,3.61,1739296800
Chroma 3 Case,3.71,1739300400
Chroma 3 Case,3.71,1739304000
Chroma 3 Case,3.73,1739307600
Chroma 3 Case,3.76,1739311200
Chroma 3 Case,3.8,1739314800
Chroma 3 Case,3.81,1739318400
Chroma 3 Case,3.83,1739322000
Chroma 3 Case,3.84,1739325600
Chroma 3 Case,3.84,1739329200
Chroma 3 Case,3.69,1739332800
Chroma 3 Case,3.77,1739336400
Chroma 3 Case,3.75,1739340000
Chroma 3 Case,3.68,1739343600
Chroma 3 Case,3.69,1739347200
Chroma 3 Case,3.61,1739350800
Chroma 3 Case,3.82,1739354400
Chroma 3 Case,3.68,1739358000
Chroma 3 Case,3.74,1739361600
Chroma 3 Case,3.62,1739365200
Chroma 3 Case,3.64,1739368800
Chroma 3 Case,3.61,1739372400
Chroma 3 Case,3.64,1739376000
Chroma 3 Case,3.68,1739379600
Chroma 3 Case,3.65,1739383200
Chroma 3 Case,3.68,1739386800
Chroma 3 Case,3.71,1739390400
Chroma 3 Case,3.62,1739394000
Chroma 3 Case,3.79,1739397600
Chroma 3 Case,3.81,1739401200
Chroma 3 Case,3.81,1739404800
Chroma 3 Case,3.81,1739408400
Chroma 3 Case,3.81,1739412000
Chroma 3 Case,3.81,1739415600
Chroma 3 Case,3.77,1739419200
Chroma 3 Case,3.76,1739422800
Chroma 3 Case,3.67,1739426400
Chroma 3 Case,3.77,1739430000
Chroma 3 Case,3.6,1739433600
Chroma 3 Case,3.6,1739437200
Chroma 3 Case,3.6,1739440800
Chroma 3 Case,3.66,1739444400
Chroma 3 Case,3.6,1739448000
Chroma 3 Case,3.62,1739451600
Chroma 3 Case,3.65,1739455200
Chroma 3 Case,3.62,1739458800
Chroma 3 Case,3.62,1739462400
Chroma 3 Case,3.61,1739466000
Chroma 3 Case,3.67,1739469600
Chroma 3 Case,3.74,1739473200
Chroma 3 Case,3.67,1739476800
Chroma 3 Case,3.75,1739480400
Chroma 3 Case,3.75,1739484000
Chroma 3 Case,3.81,1739487600
Chroma 3 Case,3.81,1739491200
Chroma 3 Case,3.83,1739494800
Chroma 3 Case,3.83,1739498400
Chroma 3 Case,3.83,1739502000
Chroma 3 Case,3.83,1739505600
Chroma 3 Case,3.83,1739509200
Chroma 3 Case,3.65,1739512800
Chroma 3 Case,3.61,1739516400
Chroma 3 Case,3.63,1739520000
Chroma 3 Case,3.62,1739523600
Chroma 3 Case,3.75,1739527200
Chroma 3 Case,3.59,1739530800
Chroma 3 Case,3.6,1739534400
Chroma 3 Case,3.77,1739538000
Chroma 3 Case,3.69,1739541600
Chroma 3 Case,3.74,1739545200
Chroma 3 Case,3.75,1739548800
Chroma 3 Case,3.62,1739552400
Chroma 3 Case,3.68,1739556000
Chroma 3 Case,3.76,1739559600
Chroma 3 Case,3.75,1739563200
Chroma 3 Case,3.76,1739566800
Chroma 3 Case,3.85,1739570400
Chroma 3 Case,3.86,1739574000
Chroma 3 Case,3.88,1739577600
Chroma 3 Case,3.88,1739581200
Chroma 3 Case,3.88,1739584800
Chroma 3 Case,3.88,1739588400
Chroma 3 Case,3.88,1739592000
Chroma 3 Case,3.86,1739595600
Chroma 3 Case,3.74,1739599200
Chroma 3 Case,3.87,1739602800
Chroma 3 Case,3.9,1739606400
Chroma 3 Case,3.74,1739610000
Chroma 3 Case,3.74,1739613600
Chroma 3 Case,3.8,1739617200
Chroma 3 Case,3.65,1739620800
Chroma 3 Case,3.61,1739624400
Chroma 3 Case,3.63,1739628000
Chroma 3 Case,3.67,1739631600
Chroma 3 Case,3.75,1739635200
Chroma 3 Case,3.75,1739638800
Chroma 3 Case,3.75,1739642400
Chroma 3 Case,3.76,1739646000
Chroma 3 Case,3.77,1739649600
Chroma 3 Case,3.86,1739653200
Chroma 3 Case,3.88,1739656800
Chroma 3 Case,3.88,1739660400
Chroma 3 Case,3.88,1739664000
Chroma 3 Case,3.92,1739667600
Chroma 3 Case,3.93,1739671200
Chroma 3 Case,3.94,1739674800
Chroma 3 Case,3.96,1739678400
Chroma 3 Case,3.96,1739682000
Chroma 3 Case,3.77,1739685600
Chroma 3 Case,3.78,1739689200
Chroma 3 Case,3.87,1739692800
Chroma 3 Case,3.89,1739696400
Chroma 3 Case,3.78,1739700000
Chroma 3 Case,3.68,1739703600
Chroma 3 Case,3.7,1739707200
Chroma 3 Case,3.67,1739710800
Chroma 3 Case,3.71,1739714400
Chroma 3 Case,3.72,1739718000
Chroma 3 Case,3.75,1739721600
Chroma 3 Case,3.87,1739725200
Chroma 3 Case,3.64,1739728800
Chroma 3 Case,3.69,1739732400
Chroma 3 Case,3.6,1739736000
Chroma 3 Case,3.65,1739739600
Chroma 3 Case,3.76,1739743200
Chroma 3 Case,3.85,1739746800
Chroma 3 Case,3.85,1739750400
Chroma 3 Case,3.86,1739754000
Chroma 3 Case,3.88,1739757600
Chroma 3 Case,3.92,1739761200
Chroma 3 Case,3.92,1739764800
Chroma 3 Case,3.83,1739768400
Chroma 3 Case,3.69,1739772000
Chroma 3 Case,3.64,1739775600
Chroma 3 Case,3.69,1739779200
Chroma 3 Case,3.69,1739782800
Chroma 3 Case,3.62,1739786400
Chroma 3 Case,3.62,1739790000
Chroma 3 Case,3.61,1739793600
Chroma 3 Case,3.68,1739797200
Chroma 3 Case,3.74,1739800800
Chroma 3 Case,3.69,1739804400
Chroma 3 Case,3.67,1739808000
Chroma 3 Case,3.72,1739811600
Chroma 3 Case,3.79,1739815200
Chroma 3 Case,3.85,1739818800
Chroma 3 Case,3.87,1739822400
Chroma 3 Case,3.91,1739826000
Chroma 3 Case,3.91,1739829600
Chroma 3 Case,3.81,1739833200
Chroma 3 Case,3.82,1739836800
Chroma 3 Case,3.92,1739840400
Chroma 3 Case,3.95,1739844000
Chroma 3 Case,3.94,1739847600
Chroma 3 Case,3.97,1739851200
Chroma 3 Case,3.97,1739854800
Chroma 3 Case,3.79,1739858400
Chroma 3 Case,3.79,1739862000
Chroma 3 Case,3.68,1739865600
Chroma 3 Case,3.75,1739869200
Chroma 3 Case,3.69,1739872800
Chroma 3 Case,3.83,1739876400
Chroma 3 Case,3.62,1739880000
Chroma 3 Case,3.83,1739883600
Chroma 3 Case,3.65,1739887200
Chroma 3 Case,3.86,1739890800
Chroma 3 Case,3.69,1739894400
Chroma 3 Case,3.75,1739898000
Chroma 3 Case,3.67,1739901600
Chroma 3 Case,3.76,1739905200
Chroma 3 Case,3.94,1739908800
Chroma 3 Case,3.95,1739912400
Chroma 3 Case,3.96,1739916000
Chroma 3 Case,3.96,1739919600
Chroma 3 Case,3.96,1739923200
Chroma 3 Case,3.97,1739926800
Chroma 3 Case,3.99,1739930400
Chroma 3 Case,3.99,1739934000
Chroma 3 Case,4.0,1739937600
Chroma 3 Case,3.92,1739941200
Chroma 3 Case,3.94,1739944800
Chroma 3 Case,3.77,1739948400
Chroma 3 Case,3.9,1739952000
Chroma 3 Case,3.84,1739955600
Chroma 3 Case,3.83,1739959200
Chroma 3 Case,3.88,1739962800
Chroma 3 Case,3.83,1739966400
Chroma 3 Case,3.87,1739970000
Chroma 3 Case,3.9,1739973600
Chroma 3 Case,3.96,1739977200
Chroma 3 Case,4.0,1739980800
Chroma 3 Case,3.9,1739984400
Chroma 3 Case,3.84,1739988000
Chroma 3 Case,3.97,1739991600
Chroma 3 Case,3.96,1739995200
Chroma 3 Case,3.85,1739998800
Chroma 3 Case,3.87,1740002400
Chroma 3 Case,3.93,1740006000
Chroma 3 Case,3.97,1740009600
Chroma 3 Case,3.97,1740013200
Chroma 3 Case,3.97,1740016800
Chroma 3 Case,3.99,1740020400
Chroma 3 Case,4.0,1740024000
Chroma 3 Case,4.0,1740027600
Chroma 3 Case,3.9,1740031200
Chroma 3 Case,3.77,1740034800
Chroma 3 Case,3.77,1740038400
Chroma 3 Case,3.74,1740042000
Chroma 3 Case,3.79,1740045600
Chroma 3 Case,3.79,1740049200
Chroma 3 Case,3.79,1740052800
Chroma 3 Case,3.86,1740056400
Chroma 3 Case,3.96,1740060000
Chroma 3 Case,3.97,1740063600
Chroma 3 Case,3.95,1740067200
Chroma 3 Case,3.83,1740070800
Chroma 3 Case,3.83,1740074400
Chroma 3 Case,3.96,1740078000
Chroma 3 Case,3.98,1740081600
Chroma 3 Case,3.98,1740085200
Chroma 3 Case,3.95,1740088800
Chroma 3 Case,3.91,1740092400
Chroma 3 Case,4.0,1740096000
Chroma 3 Case,3.99,1740099600
Chroma 3 Case,4.0,1740103200
Chroma 3 Case,4.02,1740106800
Chroma 3 Case,4.0,1740110400
Chroma 3 Case,3.93,1740114000
Chroma 3 Case,3.83,1740117600
Chroma 3 Case,3.92,1740121200
Chroma 3 Case,3.95,1740124800
Chroma 3 Case,3.96,1740128400
Chroma 3 Case,3.86,1740132000
Chroma 3 Case,3.92,1740135600
Chroma 3 Case,3.98,1740139200
Chroma 3 Case,3.96,1740142800
Chroma 3 Case,3.9,1740146400
Chroma 3 Case,3.92,1740150000
Chroma 3 Case,3.97,1740153600
Chroma 3 Case,3.96,1740157200
Chroma 3 Case,3.94,1740160800
Chroma 3 Case,3.92,1740164400
Chroma 3 Case,4.0,1740168000
Chroma 3 Case,3.98,1740171600
Chroma 3 Case,4.0,1740175200
Chroma 3 Case,4.02,1740178800
Chroma 3 Case,4.03,1740182400
Chroma 3 Case,4.03,1740186000
Chroma 3 Case,4.03,1740189600
Chroma 3 Case,4.04,1740193200
Chroma 3 Case,4.08,1740196800
Chroma 3 Case,4.09,1740200400
Chroma 3 Case,4.0,1740204000
Chroma 3 Case,4.04,1740207600
Chroma 3 Case,4.04,1740211200
Chroma 3 Case,4.03,1740214800
Chroma 3 Case,4.04,1740218400
Chroma 3 Case,4.04,1740222000
Chroma 3 Case,4.05,1740225600
Chroma 3 Case,4.07,1740229200
Chroma 3 Case,4.08,1740232800
Chroma 3 Case,4.09,1740236400
Chroma 3 Case,4.09,1740240000
Chroma 3 Case,4.08,1740243600
Chroma 3 Case,4.08,1740247200
Chroma 3 Case,4.09,1740250800
Chroma 3 Case,4.09,1740254400
Chroma 3 Case,4.1,1740258000
Chroma 3 Case,4.08,1740261600
Chroma 3 Case,4.11,1740265200
Chroma 3 Case,4.11,1740268800
Chroma 3 Case,4.14,1740272400
Chroma 3 Case,4.14,1740276000
Chroma 3 Case,4.11,1740279600
Chroma 3 Case,4.14,1740283200
Chroma 3 Case,4.14,1740286800
Chroma 3 Case,4.14,1740290400
Chroma 3 Case,4.14,1740294000
Chroma 3 Case,4.09,1740297600
Chroma 3 Case,4.07,1740301200
Chroma 3 Case,4.07,1740304800
Chroma 3 Case,4.07,1740308400
Chroma 3 Case,4.01,1740312000
Chroma 3 Case,4.02,1740315600
Chroma 3 Case,4.04,1740319200
Chroma 3 Case,4.01,1740322800
Chroma 3 Case,4.03,1740326400
Chroma 3 Case,4.04,1740330000
Chroma 3 Case,4.08,1740333600
Chroma 3 Case,4.1,1740337200
Chroma 3 Case,4.06,1740340800
Chroma 3 Case,4.03,1740344400
Chroma 3 Case,4.1,1740348000
Chroma 3 Case,4.04,1740351600
Chroma 3 Case,4.1,1740355200
Chroma 3 Case,4.1,1740358800
Chroma 3 Case,4.11,1740362400
Chroma 3 Case,4.11,1740366000
Chroma 3 Case,4.11,1740369600
Chroma 3 Case,4.13,1740373200
Chroma 3 Case,4.14,1740376800
Chroma 3 Case,4.1,1740380400
Chroma 3 Case,4.06,1740384000
Chroma 3 Case,4.04,1740387600
Chroma 3 Case,4.03,1740391200
Chroma 3 Case,4.04,1740394800
Chroma 3 Case,4.05,1740398400
Chroma 3 Case,4.06,1740402000
Chroma 3 Case,4.13,1740405600
Chroma 3 Case,4.13,1740409200
Chroma 3 Case,4.14,1740412800
Chroma 3 Case,4.04,1740416400
Chroma 3 Case,4.14,1740420000
Chroma 3 Case,4.15,1740423600
Chroma 3 Case,4.17,1740427200
Chroma 3 Case,4.14,1740430800
Chroma 3 Case,4.17,1740434400
Chroma 3 Case,4.14,1740438000
Chroma 3 Case,4.12,1740441600
Chroma 3 Case,4.15,1740445200
Chroma 3 Case,4.15,1740448800
Chroma 3 Case,4.15,1740452400
Chroma 3 Case,4.15,1740456000
Chroma 3 Case,4.14,1740459600
Chroma 3 Case,4.02,1740463200
Chroma 3 Case,4.0,1740466800
Chroma 3 Case,4.12,1740470400
Chroma 3 Case,4.05,1740474000
Chroma 3 Case,3.99,1740477600
Chroma 3 Case,4.03,1740481200
Chroma 3 Case,4.08,1740484800
Chroma 3 Case,4.13,1740488400
Chroma 3 Case,4.14,1740492000
Chroma 3 Case,4.15,1740495600
Chroma 3 Case,4.17,1740499200
Chroma 3 Case,4.17,1740502800
Chroma 3 Case,4.15,1740506400
Chroma 3 Case,4.16,1740510000
Chroma 3 Case,4.13,1740513600
Chroma 3 Case,4.11,1740517200
Chroma 3 Case,4.15,1740520800
Chroma 3 Case,4.2,1740524400
Chroma 3 Case,4.2,1740528000
Chroma 3 Case,4.19,1740531600
Chroma 3 Case,4.2,1740535200
Chroma 3 Case,4.2,1740538800
Chroma 3 Case,4.2,1740542400
Chroma 3 Case,4.2,1740546000
Chroma 3 Case,4.2,1740549600
Chroma 3 Case,4.2,1740553200
Chroma 3 Case,4.21,1740556800
Chroma 3 Case,4.2,1740560400
Chroma 3 Case,4.14,1740564000
Chroma 3 Case,4.15,1740567600
Chroma 3 Case,4.14,1740571200
Chroma 3 Case,4.14,1740574800
Chroma 3 Case,4.15,1740578400
Chroma 3 Case,4.1,1740582000
Chroma 3 Case,4.11,1740585600
Chroma 3 Case,4.05,1740589200
Chroma 3 Case,4.06,1740592800
Chroma 3 Case,4.07,1740596400
Chroma 3 Case,4.06,1740600000
Chroma 3 Case,3.99,1740603600
Chroma 3 Case,4.03,1740607200
Chroma 3 Case,4.1,1740610800
Chroma 3 Case,4.17,1740614400
Chroma 3 Case,4.19,1740618000
Chroma 3 Case,4.2,1740621600
Chroma 3 Case,4.12,1740625200
Chroma 3 Case,4.2,1740628800
Chroma 3 Case,3.93,1740632400
Chroma 3 Case,4.0,1740636000
Chroma 3 Case,4.0,1740639600
Chroma 3 Case,3.94,1740643200
Chroma 3 Case,3.94,1740646800
Chroma 3 Case,3.92,1740650400
Chroma 3 Case,3.84,1740654000
Chroma 3 Case,3.88,1740657600
Chroma 3 Case,3.84,1740661200
Chroma 3 Case,3.82,1740664800
Chroma 3 Case,3.82,1740668400
Chroma 3 Case,3.95,1740672000
Chroma 3 Case,3.9,1740675600
Chroma 3 Case,3.93,1740679200
Chroma 3 Case,3.82,1740682800
Chroma 3 Case,4.1,1740686400
Chroma 3 Case,4.14,1740690000
Chroma 3 Case,4.19,1740693600
Chroma 3 Case,4.19,1740697200
Chroma 3 Case,4.19,1740700800
Chroma 3 Case,4.19,1740704400
Chroma 3 Case,4.19,1740708000
Chroma 3 Case,4.19,1740711600
Chroma 3 Case,4.19,1740715200
Chroma 3 Case,4.2,1740718800
Chroma 3 Case,4.19,1740722400
Chroma 3 Case,4.15,1740726000
Chroma 3 Case,4.07,1740729600
Chroma 3 Case,3.96,1740733200
Chroma 3 Case,3.92,1740736800
Chroma 3 Case,3.93,1740740400
Chroma 3 Case,4.03,1740744000
Chroma 3 Case,4.02,1740747600
Chroma 3 Case,4.06,1740751200
Chroma 3 Case,3.98,1740754800
Chroma 3 Case,4.17,1740758400
Chroma 3 Case,4.16,1740762000
Chroma 3 Case,4.17,1740765600
Chroma 3 Case,4.18,1740769200
Chroma 3 Case,4.11,1740772800
Chroma 3 Case,4.18,1740776400
Chroma 3 Case,4.19,1740780000
Chroma 3 Case,4.19,1740783600
Chroma 3 Case,4.21,1740787200
Chroma 3 Case,4.2,1740790800
Chroma 3 Case,4.2,1740794400
Chroma 3 Case,4.22,1740798000
Chroma 3 Case,4.23,1740801600
Chroma 3 Case,4.23,1740805200
Chroma 3 Case,4.06,1740808800
Chroma 3 Case,4.24,1740812400
Chroma 3 Case,4.14,1740816000
Chroma 3 Case,4.02,1740819600
Chroma 3 Case,3.94,1740823200
Chroma 3 Case,4.04,1740826800
Chroma 3 Case,4.01,1740830400
Chroma 3 Case,4.06,1740834000
